[{"model": "admin.logentry", "pk": 1, "fields": {"action_time": "2024-12-12T21:46:10.985Z", "user": 1, "content_type": 10, "object_id": "1", "object_repr": "Power Only", "action_flag": 1, "change_message": "[{\"added\": {}}]"}}, {"model": "admin.logentry", "pk": 2, "fields": {"action_time": "2024-12-12T21:46:24.319Z", "user": 1, "content_type": 10, "object_id": "2", "object_repr": "FlatBed", "action_flag": 1, "change_message": "[{\"added\": {}}]"}}, {"model": "admin.logentry", "pk": 3, "fields": {"action_time": "2024-12-12T21:46:37.716Z", "user": 1, "content_type": 10, "object_id": "2", "object_repr": "Dry Vans", "action_flag": 2, "change_message": "[{\"changed\": {\"fields\": [\"Name\"]}}]"}}, {"model": "admin.logentry", "pk": 4, "fields": {"action_time": "2024-12-12T21:46:56.383Z", "user": 1, "content_type": 10, "object_id": "2", "object_repr": "Reefer Trailer", "action_flag": 2, "change_message": "[{\"changed\": {\"fields\": [\"Name\"]}}]"}}, {"model": "admin.logentry", "pk": 5, "fields": {"action_time": "2024-12-12T21:47:15.113Z", "user": 1, "content_type": 10, "object_id": "2", "object_repr": "Reefer Trailer", "action_flag": 3, "change_message": ""}}, {"model": "admin.logentry", "pk": 6, "fields": {"action_time": "2024-12-12T21:47:29.487Z", "user": 1, "content_type": 10, "object_id": "3", "object_repr": "FlatBed", "action_flag": 1, "change_message": "[{\"added\": {}}]"}}, {"model": "admin.logentry", "pk": 7, "fields": {"action_time": "2024-12-12T21:47:38.700Z", "user": 1, "content_type": 10, "object_id": "4", "object_repr": "Dry Vans", "action_flag": 1, "change_message": "[{\"added\": {}}]"}}, {"model": "admin.logentry", "pk": 8, "fields": {"action_time": "2024-12-12T21:47:48.501Z", "user": 1, "content_type": 10, "object_id": "5", "object_repr": "Reefer Trailer", "action_flag": 1, "change_message": "[{\"added\": {}}]"}}, {"model": "admin.logentry", "pk": 9, "fields": {"action_time": "2024-12-12T21:48:00.086Z", "user": 1, "content_type": 10, "object_id": "6", "object_repr": "Driver", "action_flag": 1, "change_message": "[{\"added\": {}}]"}}, {"model": "admin.logentry", "pk": 10, "fields": {"action_time": "2024-12-12T21:49:08.070Z", "user": 1, "content_type": 9, "object_id": "1", "object_repr": "Amazon US", "action_flag": 1, "change_message": "[{\"added\": {}}]"}}, {"model": "admin.logentry", "pk": 11, "fields": {"action_time": "2024-12-12T21:50:08.965Z", "user": 1, "content_type": 9, "object_id": "2", "object_repr": "Daniel Campuzano", "action_flag": 1, "change_message": "[{\"added\": {}}]"}}, {"model": "admin.logentry", "pk": 12, "fields": {"action_time": "2024-12-13T02:43:04.787Z", "user": 1, "content_type": 12, "object_id": "1", "object_repr": "Load 1 - pending", "action_flag": 2, "change_message": "[{\"changed\": {\"fields\": [\"Classifications and certifications\", \"Assigned user\"]}}]"}}, {"model": "admin.logentry", "pk": 13, "fields": {"action_time": "2024-12-22T18:07:13.640Z", "user": 1, "content_type": 12, "object_id": "21", "object_repr": "Load 21 - pending", "action_flag": 2, "change_message": "[{\"changed\": {\"fields\": [\"Classifications and certifications\", \"Is offerted\", \"Assigned user\"]}}]"}}, {"model": "admin.logentry", "pk": 14, "fields": {"action_time": "2025-01-11T18:08:36.153Z", "user": 2, "content_type": 26, "object_id": "1", "object_repr": "ABC123 - Volvo VNL", "action_flag": 1, "change_message": "[{\"added\": {}}]"}}, {"model": "admin.logentry", "pk": 15, "fields": {"action_time": "2025-01-11T18:21:52.231Z", "user": 2, "content_type": 18, "object_id": "1", "object_repr": "Offer 1500 by admin for Load 3 on 2025-01-11 18:21:34+00:00", "action_flag": 1, "change_message": "[{\"added\": {}}]"}}, {"model": "admin.logentry", "pk": 16, "fields": {"action_time": "2025-01-11T18:22:09.931Z", "user": 2, "content_type": 12, "object_id": "3", "object_repr": "Load 3 - pending", "action_flag": 2, "change_message": "[{\"changed\": {\"fields\": [\"Classifications and certifications\", \"Is offerted\"]}}]"}}, {"model": "admin.logentry", "pk": 17, "fields": {"action_time": "2025-01-11T22:37:03.516Z", "user": 2, "content_type": 26, "object_id": "1", "object_repr": "ABC123 - Volvo VNL", "action_flag": 2, "change_message": "[]"}}, {"model": "admin.logentry", "pk": 18, "fields": {"action_time": "2025-01-11T22:37:38.351Z", "user": 2, "content_type": 6, "object_id": "2", "object_repr": "admin - us", "action_flag": 2, "change_message": "[{\"changed\": {\"fields\": [\"First name\", \"Last name\", \"Number of trucks\"]}}]"}}, {"model": "admin.logentry", "pk": 19, "fields": {"action_time": "2025-01-13T22:50:47.253Z", "user": 1, "content_type": 3, "object_id": "1", "object_repr": "Carrier", "action_flag": 2, "change_message": "[{\"changed\": {\"fields\": [\"Permissions\"]}}]"}}, {"model": "auth.permission", "pk": 1, "fields": {"name": "Can add log entry", "content_type": 1, "codename": "add_logentry"}}, {"model": "auth.permission", "pk": 2, "fields": {"name": "Can change log entry", "content_type": 1, "codename": "change_logentry"}}, {"model": "auth.permission", "pk": 3, "fields": {"name": "Can delete log entry", "content_type": 1, "codename": "delete_logentry"}}, {"model": "auth.permission", "pk": 4, "fields": {"name": "Can view log entry", "content_type": 1, "codename": "view_logentry"}}, {"model": "auth.permission", "pk": 5, "fields": {"name": "Can add permission", "content_type": 2, "codename": "add_permission"}}, {"model": "auth.permission", "pk": 6, "fields": {"name": "Can change permission", "content_type": 2, "codename": "change_permission"}}, {"model": "auth.permission", "pk": 7, "fields": {"name": "Can delete permission", "content_type": 2, "codename": "delete_permission"}}, {"model": "auth.permission", "pk": 8, "fields": {"name": "Can view permission", "content_type": 2, "codename": "view_permission"}}, {"model": "auth.permission", "pk": 9, "fields": {"name": "Can add group", "content_type": 3, "codename": "add_group"}}, {"model": "auth.permission", "pk": 10, "fields": {"name": "Can change group", "content_type": 3, "codename": "change_group"}}, {"model": "auth.permission", "pk": 11, "fields": {"name": "Can delete group", "content_type": 3, "codename": "delete_group"}}, {"model": "auth.permission", "pk": 12, "fields": {"name": "Can view group", "content_type": 3, "codename": "view_group"}}, {"model": "auth.permission", "pk": 13, "fields": {"name": "Can add content type", "content_type": 4, "codename": "add_contenttype"}}, {"model": "auth.permission", "pk": 14, "fields": {"name": "Can change content type", "content_type": 4, "codename": "change_contenttype"}}, {"model": "auth.permission", "pk": 15, "fields": {"name": "Can delete content type", "content_type": 4, "codename": "delete_contenttype"}}, {"model": "auth.permission", "pk": 16, "fields": {"name": "Can view content type", "content_type": 4, "codename": "view_contenttype"}}, {"model": "auth.permission", "pk": 17, "fields": {"name": "Can add session", "content_type": 5, "codename": "add_session"}}, {"model": "auth.permission", "pk": 18, "fields": {"name": "Can change session", "content_type": 5, "codename": "change_session"}}, {"model": "auth.permission", "pk": 19, "fields": {"name": "Can delete session", "content_type": 5, "codename": "delete_session"}}, {"model": "auth.permission", "pk": 20, "fields": {"name": "Can view session", "content_type": 5, "codename": "view_session"}}, {"model": "auth.permission", "pk": 21, "fields": {"name": "Can add user", "content_type": 6, "codename": "add_carrieruser"}}, {"model": "auth.permission", "pk": 22, "fields": {"name": "Can change user", "content_type": 6, "codename": "change_carrieruser"}}, {"model": "auth.permission", "pk": 23, "fields": {"name": "Can delete user", "content_type": 6, "codename": "delete_carrieruser"}}, {"model": "auth.permission", "pk": 24, "fields": {"name": "Can view user", "content_type": 6, "codename": "view_carrieruser"}}, {"model": "auth.permission", "pk": 25, "fields": {"name": "Can add address d", "content_type": 7, "codename": "add_addressd"}}, {"model": "auth.permission", "pk": 26, "fields": {"name": "Can change address d", "content_type": 7, "codename": "change_addressd"}}, {"model": "auth.permission", "pk": 27, "fields": {"name": "Can delete address d", "content_type": 7, "codename": "delete_addressd"}}, {"model": "auth.permission", "pk": 28, "fields": {"name": "Can view address d", "content_type": 7, "codename": "view_addressd"}}, {"model": "auth.permission", "pk": 29, "fields": {"name": "Can add address o", "content_type": 8, "codename": "add_addresso"}}, {"model": "auth.permission", "pk": 30, "fields": {"name": "Can change address o", "content_type": 8, "codename": "change_addresso"}}, {"model": "auth.permission", "pk": 31, "fields": {"name": "Can delete address o", "content_type": 8, "codename": "delete_addresso"}}, {"model": "auth.permission", "pk": 32, "fields": {"name": "Can view address o", "content_type": 8, "codename": "view_addresso"}}, {"model": "auth.permission", "pk": 33, "fields": {"name": "Can add customer", "content_type": 9, "codename": "add_customer"}}, {"model": "auth.permission", "pk": 34, "fields": {"name": "Can change customer", "content_type": 9, "codename": "change_customer"}}, {"model": "auth.permission", "pk": 35, "fields": {"name": "Can delete customer", "content_type": 9, "codename": "delete_customer"}}, {"model": "auth.permission", "pk": 36, "fields": {"name": "Can view customer", "content_type": 9, "codename": "view_customer"}}, {"model": "auth.permission", "pk": 37, "fields": {"name": "Can add equipment type", "content_type": 10, "codename": "add_equipmenttype"}}, {"model": "auth.permission", "pk": 38, "fields": {"name": "Can change equipment type", "content_type": 10, "codename": "change_equipmenttype"}}, {"model": "auth.permission", "pk": 39, "fields": {"name": "Can delete equipment type", "content_type": 10, "codename": "delete_equipmenttype"}}, {"model": "auth.permission", "pk": 40, "fields": {"name": "Can view equipment type", "content_type": 10, "codename": "view_equipmenttype"}}, {"model": "auth.permission", "pk": 41, "fields": {"name": "Can add job_ type", "content_type": 11, "codename": "add_job_type"}}, {"model": "auth.permission", "pk": 42, "fields": {"name": "Can change job_ type", "content_type": 11, "codename": "change_job_type"}}, {"model": "auth.permission", "pk": 43, "fields": {"name": "Can delete job_ type", "content_type": 11, "codename": "delete_job_type"}}, {"model": "auth.permission", "pk": 44, "fields": {"name": "Can view job_ type", "content_type": 11, "codename": "view_job_type"}}, {"model": "auth.permission", "pk": 45, "fields": {"name": "Can add load", "content_type": 12, "codename": "add_load"}}, {"model": "auth.permission", "pk": 46, "fields": {"name": "Can change load", "content_type": 12, "codename": "change_load"}}, {"model": "auth.permission", "pk": 47, "fields": {"name": "Can delete load", "content_type": 12, "codename": "delete_load"}}, {"model": "auth.permission", "pk": 48, "fields": {"name": "Can view load", "content_type": 12, "codename": "view_load"}}, {"model": "auth.permission", "pk": 49, "fields": {"name": "Can add processed email", "content_type": 13, "codename": "add_processedemail"}}, {"model": "auth.permission", "pk": 50, "fields": {"name": "Can change processed email", "content_type": 13, "codename": "change_processedemail"}}, {"model": "auth.permission", "pk": 51, "fields": {"name": "Can delete processed email", "content_type": 13, "codename": "delete_processedemail"}}, {"model": "auth.permission", "pk": 52, "fields": {"name": "Can view processed email", "content_type": 13, "codename": "view_processedemail"}}, {"model": "auth.permission", "pk": 53, "fields": {"name": "Can add Warning Type", "content_type": 14, "codename": "add_warninglist"}}, {"model": "auth.permission", "pk": 54, "fields": {"name": "Can change Warning Type", "content_type": 14, "codename": "change_warninglist"}}, {"model": "auth.permission", "pk": 55, "fields": {"name": "Can delete Warning Type", "content_type": 14, "codename": "delete_warninglist"}}, {"model": "auth.permission", "pk": 56, "fields": {"name": "Can view Warning Type", "content_type": 14, "codename": "view_warninglist"}}, {"model": "auth.permission", "pk": 57, "fields": {"name": "Can add Warning", "content_type": 15, "codename": "add_warning"}}, {"model": "auth.permission", "pk": 58, "fields": {"name": "Can change Warning", "content_type": 15, "codename": "change_warning"}}, {"model": "auth.permission", "pk": 59, "fields": {"name": "Can delete Warning", "content_type": 15, "codename": "delete_warning"}}, {"model": "auth.permission", "pk": 60, "fields": {"name": "Can view Warning", "content_type": 15, "codename": "view_warning"}}, {"model": "auth.permission", "pk": 61, "fields": {"name": "Can add stop", "content_type": 16, "codename": "add_stop"}}, {"model": "auth.permission", "pk": 62, "fields": {"name": "Can change stop", "content_type": 16, "codename": "change_stop"}}, {"model": "auth.permission", "pk": 63, "fields": {"name": "Can delete stop", "content_type": 16, "codename": "delete_stop"}}, {"model": "auth.permission", "pk": 64, "fields": {"name": "Can view stop", "content_type": 16, "codename": "view_stop"}}, {"model": "auth.permission", "pk": 65, "fields": {"name": "Can add role", "content_type": 17, "codename": "add_role"}}, {"model": "auth.permission", "pk": 66, "fields": {"name": "Can change role", "content_type": 17, "codename": "change_role"}}, {"model": "auth.permission", "pk": 67, "fields": {"name": "Can delete role", "content_type": 17, "codename": "delete_role"}}, {"model": "auth.permission", "pk": 68, "fields": {"name": "Can view role", "content_type": 17, "codename": "view_role"}}, {"model": "auth.permission", "pk": 69, "fields": {"name": "Can add Offer History", "content_type": 18, "codename": "add_offerhistory"}}, {"model": "auth.permission", "pk": 70, "fields": {"name": "Can change Offer History", "content_type": 18, "codename": "change_offerhistory"}}, {"model": "auth.permission", "pk": 71, "fields": {"name": "Can delete Offer History", "content_type": 18, "codename": "delete_offerhistory"}}, {"model": "auth.permission", "pk": 72, "fields": {"name": "Can view Offer History", "content_type": 18, "codename": "view_offerhistory"}}, {"model": "auth.permission", "pk": 73, "fields": {"name": "Can add crontab", "content_type": 19, "codename": "add_crontabschedule"}}, {"model": "auth.permission", "pk": 74, "fields": {"name": "Can change crontab", "content_type": 19, "codename": "change_crontabschedule"}}, {"model": "auth.permission", "pk": 75, "fields": {"name": "Can delete crontab", "content_type": 19, "codename": "delete_crontabschedule"}}, {"model": "auth.permission", "pk": 76, "fields": {"name": "Can view crontab", "content_type": 19, "codename": "view_crontabschedule"}}, {"model": "auth.permission", "pk": 77, "fields": {"name": "Can add interval", "content_type": 20, "codename": "add_intervalschedule"}}, {"model": "auth.permission", "pk": 78, "fields": {"name": "Can change interval", "content_type": 20, "codename": "change_intervalschedule"}}, {"model": "auth.permission", "pk": 79, "fields": {"name": "Can delete interval", "content_type": 20, "codename": "delete_intervalschedule"}}, {"model": "auth.permission", "pk": 80, "fields": {"name": "Can view interval", "content_type": 20, "codename": "view_intervalschedule"}}, {"model": "auth.permission", "pk": 81, "fields": {"name": "Can add periodic task", "content_type": 21, "codename": "add_periodictask"}}, {"model": "auth.permission", "pk": 82, "fields": {"name": "Can change periodic task", "content_type": 21, "codename": "change_periodictask"}}, {"model": "auth.permission", "pk": 83, "fields": {"name": "Can delete periodic task", "content_type": 21, "codename": "delete_periodictask"}}, {"model": "auth.permission", "pk": 84, "fields": {"name": "Can view periodic task", "content_type": 21, "codename": "view_periodictask"}}, {"model": "auth.permission", "pk": 85, "fields": {"name": "Can add periodic task track", "content_type": 22, "codename": "add_periodictasks"}}, {"model": "auth.permission", "pk": 86, "fields": {"name": "Can change periodic task track", "content_type": 22, "codename": "change_periodictasks"}}, {"model": "auth.permission", "pk": 87, "fields": {"name": "Can delete periodic task track", "content_type": 22, "codename": "delete_periodictasks"}}, {"model": "auth.permission", "pk": 88, "fields": {"name": "Can view periodic task track", "content_type": 22, "codename": "view_periodictasks"}}, {"model": "auth.permission", "pk": 89, "fields": {"name": "Can add solar event", "content_type": 23, "codename": "add_solarschedule"}}, {"model": "auth.permission", "pk": 90, "fields": {"name": "Can change solar event", "content_type": 23, "codename": "change_solarschedule"}}, {"model": "auth.permission", "pk": 91, "fields": {"name": "Can delete solar event", "content_type": 23, "codename": "delete_solarschedule"}}, {"model": "auth.permission", "pk": 92, "fields": {"name": "Can view solar event", "content_type": 23, "codename": "view_solarschedule"}}, {"model": "auth.permission", "pk": 93, "fields": {"name": "Can add clocked", "content_type": 24, "codename": "add_clockedschedule"}}, {"model": "auth.permission", "pk": 94, "fields": {"name": "Can change clocked", "content_type": 24, "codename": "change_clockedschedule"}}, {"model": "auth.permission", "pk": 95, "fields": {"name": "Can delete clocked", "content_type": 24, "codename": "delete_clockedschedule"}}, {"model": "auth.permission", "pk": 96, "fields": {"name": "Can view clocked", "content_type": 24, "codename": "view_clockedschedule"}}, {"model": "auth.permission", "pk": 97, "fields": {"name": "Can add load progress", "content_type": 25, "codename": "add_loadprogress"}}, {"model": "auth.permission", "pk": 98, "fields": {"name": "Can change load progress", "content_type": 25, "codename": "change_loadprogress"}}, {"model": "auth.permission", "pk": 99, "fields": {"name": "Can delete load progress", "content_type": 25, "codename": "delete_loadprogress"}}, {"model": "auth.permission", "pk": 100, "fields": {"name": "Can view load progress", "content_type": 25, "codename": "view_loadprogress"}}, {"model": "auth.permission", "pk": 101, "fields": {"name": "Can add truck", "content_type": 26, "codename": "add_truck"}}, {"model": "auth.permission", "pk": 102, "fields": {"name": "Can change truck", "content_type": 26, "codename": "change_truck"}}, {"model": "auth.permission", "pk": 103, "fields": {"name": "Can delete truck", "content_type": 26, "codename": "delete_truck"}}, {"model": "auth.permission", "pk": 104, "fields": {"name": "Can view truck", "content_type": 26, "codename": "view_truck"}}, {"model": "auth.permission", "pk": 105, "fields": {"name": "Can add user permission", "content_type": 27, "codename": "add_userpermission"}}, {"model": "auth.permission", "pk": 106, "fields": {"name": "Can change user permission", "content_type": 27, "codename": "change_userpermission"}}, {"model": "auth.permission", "pk": 107, "fields": {"name": "Can delete user permission", "content_type": 27, "codename": "delete_userpermission"}}, {"model": "auth.permission", "pk": 108, "fields": {"name": "Can view user permission", "content_type": 27, "codename": "view_userpermission"}}, {"model": "auth.permission", "pk": 109, "fields": {"name": "Can view dashboard", "content_type": 6, "codename": "view_dashboard"}}, {"model": "auth.permission", "pk": 110, "fields": {"name": "Can view admin", "content_type": 6, "codename": "view_admin"}}, {"model": "auth.permission", "pk": 111, "fields": {"name": "Can view find-loads", "content_type": 6, "codename": "view_find-loads"}}, {"model": "auth.permission", "pk": 112, "fields": {"name": "Can view manage-load", "content_type": 6, "codename": "view_manage-load"}}, {"model": "auth.permission", "pk": 113, "fields": {"name": "Can view customer-master", "content_type": 6, "codename": "view_customer-master"}}, {"model": "auth.permission", "pk": 114, "fields": {"name": "Can view loads-master", "content_type": 6, "codename": "view_loads-master"}}, {"model": "auth.permission", "pk": 115, "fields": {"name": "Can view equipment-master", "content_type": 6, "codename": "view_equipment-master"}}, {"model": "auth.permission", "pk": 116, "fields": {"name": "Can view offers-master", "content_type": 6, "codename": "view_offers-master"}}, {"model": "auth.permission", "pk": 117, "fields": {"name": "Can view truck-master", "content_type": 6, "codename": "view_truck-master"}}, {"model": "auth.permission", "pk": 118, "fields": {"name": "Can view amazon-loads", "content_type": 6, "codename": "view_amazon-loads"}}, {"model": "auth.permission", "pk": 119, "fields": {"name": "Can manage permissions", "content_type": 6, "codename": "manage_permissions"}}, {"model": "auth.permission", "pk": 120, "fields": {"name": "Can add task result", "content_type": 28, "codename": "add_taskresult"}}, {"model": "auth.permission", "pk": 121, "fields": {"name": "Can change task result", "content_type": 28, "codename": "change_taskresult"}}, {"model": "auth.permission", "pk": 122, "fields": {"name": "Can delete task result", "content_type": 28, "codename": "delete_taskresult"}}, {"model": "auth.permission", "pk": 123, "fields": {"name": "Can view task result", "content_type": 28, "codename": "view_taskresult"}}, {"model": "auth.permission", "pk": 124, "fields": {"name": "Can add chord counter", "content_type": 29, "codename": "add_chordcounter"}}, {"model": "auth.permission", "pk": 125, "fields": {"name": "Can change chord counter", "content_type": 29, "codename": "change_chordcounter"}}, {"model": "auth.permission", "pk": 126, "fields": {"name": "Can delete chord counter", "content_type": 29, "codename": "delete_chordcounter"}}, {"model": "auth.permission", "pk": 127, "fields": {"name": "Can view chord counter", "content_type": 29, "codename": "view_chordcounter"}}, {"model": "auth.permission", "pk": 128, "fields": {"name": "Can add group result", "content_type": 30, "codename": "add_groupresult"}}, {"model": "auth.permission", "pk": 129, "fields": {"name": "Can change group result", "content_type": 30, "codename": "change_groupresult"}}, {"model": "auth.permission", "pk": 130, "fields": {"name": "Can delete group result", "content_type": 30, "codename": "delete_groupresult"}}, {"model": "auth.permission", "pk": 131, "fields": {"name": "Can view group result", "content_type": 30, "codename": "view_groupresult"}}, {"model": "auth.group", "pk": 1, "fields": {"name": "Carrier", "permissions": [1, 2, 3, 4, 9, 10, 11, 12, 5, 6, 7, 8, 13, 14, 15, 16, 93, 94, 95, 96, 73, 74, 75, 76, 77, 78, 79, 80, 81, 82, 83, 84, 85, 86, 87, 88, 89, 90, 91, 92, 25, 26, 27, 28, 29, 30, 31, 32, 21, 22, 23, 24, 33, 34, 35, 36, 37, 38, 39, 40, 41, 42, 43, 44, 45, 46, 47, 48, 97, 98, 99, 100, 69, 70, 71, 72, 49, 50, 51, 52, 65, 66, 67, 68, 61, 62, 63, 64, 101, 102, 103, 104, 105, 106, 107, 108, 57, 58, 59, 60, 53, 54, 55, 56, 17, 18, 19, 20]}}, {"model": "contenttypes.contenttype", "pk": 1, "fields": {"app_label": "admin", "model": "logentry"}}, {"model": "contenttypes.contenttype", "pk": 2, "fields": {"app_label": "auth", "model": "permission"}}, {"model": "contenttypes.contenttype", "pk": 3, "fields": {"app_label": "auth", "model": "group"}}, {"model": "contenttypes.contenttype", "pk": 4, "fields": {"app_label": "contenttypes", "model": "contenttype"}}, {"model": "contenttypes.contenttype", "pk": 5, "fields": {"app_label": "sessions", "model": "session"}}, {"model": "contenttypes.contenttype", "pk": 6, "fields": {"app_label": "myapp", "model": "carrieruser"}}, {"model": "contenttypes.contenttype", "pk": 7, "fields": {"app_label": "myapp", "model": "addressd"}}, {"model": "contenttypes.contenttype", "pk": 8, "fields": {"app_label": "myapp", "model": "addresso"}}, {"model": "contenttypes.contenttype", "pk": 9, "fields": {"app_label": "myapp", "model": "customer"}}, {"model": "contenttypes.contenttype", "pk": 10, "fields": {"app_label": "myapp", "model": "equipmenttype"}}, {"model": "contenttypes.contenttype", "pk": 11, "fields": {"app_label": "myapp", "model": "job_type"}}, {"model": "contenttypes.contenttype", "pk": 12, "fields": {"app_label": "myapp", "model": "load"}}, {"model": "contenttypes.contenttype", "pk": 13, "fields": {"app_label": "myapp", "model": "processedemail"}}, {"model": "contenttypes.contenttype", "pk": 14, "fields": {"app_label": "myapp", "model": "warninglist"}}, {"model": "contenttypes.contenttype", "pk": 15, "fields": {"app_label": "myapp", "model": "warning"}}, {"model": "contenttypes.contenttype", "pk": 16, "fields": {"app_label": "myapp", "model": "stop"}}, {"model": "contenttypes.contenttype", "pk": 17, "fields": {"app_label": "myapp", "model": "role"}}, {"model": "contenttypes.contenttype", "pk": 18, "fields": {"app_label": "myapp", "model": "offerhistory"}}, {"model": "contenttypes.contenttype", "pk": 19, "fields": {"app_label": "django_celery_beat", "model": "crontabschedule"}}, {"model": "contenttypes.contenttype", "pk": 20, "fields": {"app_label": "django_celery_beat", "model": "intervalschedule"}}, {"model": "contenttypes.contenttype", "pk": 21, "fields": {"app_label": "django_celery_beat", "model": "periodictask"}}, {"model": "contenttypes.contenttype", "pk": 22, "fields": {"app_label": "django_celery_beat", "model": "periodictasks"}}, {"model": "contenttypes.contenttype", "pk": 23, "fields": {"app_label": "django_celery_beat", "model": "solarschedule"}}, {"model": "contenttypes.contenttype", "pk": 24, "fields": {"app_label": "django_celery_beat", "model": "clockedschedule"}}, {"model": "contenttypes.contenttype", "pk": 25, "fields": {"app_label": "myapp", "model": "loadprogress"}}, {"model": "contenttypes.contenttype", "pk": 26, "fields": {"app_label": "myapp", "model": "truck"}}, {"model": "contenttypes.contenttype", "pk": 27, "fields": {"app_label": "myapp", "model": "userpermission"}}, {"model": "contenttypes.contenttype", "pk": 28, "fields": {"app_label": "django_celery_results", "model": "taskresult"}}, {"model": "contenttypes.contenttype", "pk": 29, "fields": {"app_label": "django_celery_results", "model": "chordcounter"}}, {"model": "contenttypes.contenttype", "pk": 30, "fields": {"app_label": "django_celery_results", "model": "groupresult"}}, {"model": "sessions.session", "pk": "5xrqtl7nl7sdoe4v8qkyhtamkxew8j3v", "fields": {"session_data": ".eJxVjEEOwiAQAP_C2RBgSwWP3n1Ds8suUjUlKe3J-HdD0oNeZybzVhPuW5n2Jus0s7ooq06_jDA9ZemCH7jcq0512daZdE_0YZu-VZbX9Wj_BgVb6dshB-YsTACcYbAUwVAwY8hjAn_Okmyyxgt6IecsY8xhGKNPDsgAq88X_-Q4WQ:1tSKT6:2Vw3QNt7U7WyD5JTl-G96c9IRR7Vm9b80DqigkOI7YE", "expire_date": "2025-01-13T18:26:20.265Z"}}, {"model": "sessions.session", "pk": "8nqdewy25g6t81my36v62qwp1janqrg9", "fields": {"session_data": ".eJxVjDsOwjAQBe_iGln-re1Q0nMGy7ve4ABypDipEHeHSCmgfTPzXiLlba1p67ykqYiz0OL0u2GmB7cdlHtut1nS3NZlQrkr8qBdXufCz8vh_h3U3Ou3Zu-JwEYPo3XAg6biDOqgvNYFXVDktCJiUBiBojGO1RjIDt5bQgvi_QHObTc3:1tLqth:6JCVziWKg4O3ozt7gI_zS2AQtx3yWGGSjNym0C74arQ", "expire_date": "2024-12-26T21:39:01.347Z"}}, {"model": "sessions.session", "pk": "atyfvan45nn5joc4k1q26fb0t0xjy56m", "fields": {"session_data": ".eJxVjMEOwiAQBf-FsyGwFCgevfcbyLKAVA0kpT0Z_9026UGvb2bem3nc1uK3nhY_R3Zlkl1-t4D0TPUA8YH13ji1ui5z4IfCT9r51GJ63U7376BgL3utwYJ1wgaiCMaokdAJlyVYSSCShZCESUbSLg561MqhipCdGFC6LAL7fAG6uTbf:1tLvXe:wmudg8WLZccg2WrB5R8TPdODk0YF_Kh1oqIFtQRPUqY", "expire_date": "2024-12-27T02:36:34.605Z"}}, {"model": "sessions.session", "pk": "e0s6qmvn8c6swggpabubf9cs49k74uh7", "fields": {"session_data": ".eJxVjDsOwjAQBe_iGlmJ_6ak5wzWeneDA8iW4qRC3B0ipYD2zcx7iQTbWtLWeUkzibNQ4vS7ZcAH1x3QHeqtSWx1XeYsd0UetMtrI35eDvfvoEAv39rlGKw2qAJG1t7bwXjPxk7AOvCEymEmpgDB6OwJxzxShGi1GyIDBfH-AOOROFI:1tWk53:pGw4mszRIQNSsaJjYfS4d6tEDPTiU5hOHd5kuK6OHqA", "expire_date": "2025-01-25T22:35:45.003Z"}}, {"model": "sessions.session", "pk": "vptcq3l0i7ugnd5nzukg8wgmsioawtkp", "fields": {"session_data": ".eJxVjEEOwiAQAP_C2RBgSwWP3n1Ds8suUjUlKe3J-HdD0oNeZybzVhPuW5n2Jus0s7ooq06_jDA9ZemCH7jcq0512daZdE_0YZu-VZbX9Wj_BgVb6dshB-YsTACcYbAUwVAwY8hjAn_Okmyyxgt6IecsY8xhGKNPDsgAq88X_-Q4WQ:1tXSIQ:icf_8Y-iPq0hDxB9QPGm7C-tRDl-1cDc28Ih1EiuQdY", "expire_date": "2025-01-27T21:48:30.219Z"}}, {"model": "myapp.carrieruser", "pk": 1, "fields": {"password": "pbkdf2_sha256$260000$YDtcCRKJtF44uuFRGDe5l1$hsl92dcUbRPQ4F4RqxXEpsdQX9sjmO7a5sbZBEH9LNc=", "last_login": "2025-01-13T21:48:30.218Z", "is_superuser": true, "username": "dani", "is_staff": true, "is_active": true, "date_joined": "2024-12-12T21:38:41.596Z", "carrier_type": "us", "first_name": "", "last_name": "", "email": "danispc389@gmail.com", "phone": null, "DOT_number": null, "license_guid": "5f56b4d6-2291-46e3-b5b8-b921070d4695", "number_of_trucks": 0, "created_at": "2024-12-12T21:38:41.671Z", "updated_at": "2025-01-14T15:18:20.622Z", "groups": [], "user_permissions": [110, 118, 109, 115, 114, 116, 117]}}, {"model": "myapp.carrieruser", "pk": 2, "fields": {"password": "pbkdf2_sha256$870000$52eUjzgqSIHpT0IEndxGM4$8Et7dxE5cI1jdXgtEFi669rp7UzEuZtJXYjbr2NYEw4=", "last_login": "2025-01-11T22:35:45Z", "is_superuser": true, "username": "admin", "is_staff": true, "is_active": true, "date_joined": "2024-12-20T22:18:08Z", "carrier_type": "us", "first_name": "DANIEL", "last_name": "CAMPUZANO", "email": "admin@gmail.com", "phone": null, "DOT_number": null, "license_guid": "84affa71-fc97-4305-9581-868f4e6ce68b", "number_of_trucks": 2, "created_at": "2024-12-20T22:18:08.966Z", "updated_at": "2025-01-14T15:17:50.580Z", "groups": [], "user_permissions": [110, 118, 113, 109, 115, 111, 114, 112, 116, 117]}}, {"model": "myapp.carrieruser", "pk": 3, "fields": {"password": "pbkdf2_sha256$260000$FGqbu9X9lYk8cANSAqgdw5$KbN5dCbRkcF0mahjp845b7jX3afBQzhk4BvI9vnvwBY=", "last_login": null, "is_superuser": false, "username": "daniela", "is_staff": false, "is_active": true, "date_joined": "2024-12-30T18:47:02.790Z", "carrier_type": "us", "first_name": "Daniela", "last_name": "Pinzon", "email": "dani@prueba.com", "phone": "3213129625", "DOT_number": "123443322", "license_guid": "fbfed703-f0dd-4695-ad5f-a7c22a4fa123", "number_of_trucks": 0, "created_at": "2024-12-30T18:47:02.847Z", "updated_at": "2024-12-30T18:47:02.847Z", "groups": [1], "user_permissions": []}}, {"model": "myapp.carrieruser", "pk": 4, "fields": {"password": "pbkdf2_sha256$260000$pes3BlXKdevdofrq1VWA2G$lW/A8V+VFXNJVq8A8F/mq/xW/5lasxv6A+vuWtnuQkk=", "last_login": null, "is_superuser": false, "username": "prueba", "is_staff": false, "is_active": true, "date_joined": "2024-12-30T18:49:00.267Z", "carrier_type": "us", "first_name": "Prueba", "last_name": "Prueba", "email": "prueba@hotmail.com", "phone": "3113113111", "DOT_number": "918291827", "license_guid": "a593054b-43d9-4c72-8d7f-d3b85e89e626", "number_of_trucks": 0, "created_at": "2024-12-30T18:49:00.320Z", "updated_at": "2025-01-14T15:39:02.356Z", "groups": [1], "user_permissions": [109]}}, {"model": "myapp.carrieruser", "pk": 5, "fields": {"password": "pbkdf2_sha256$870000$CZo5LRl3ZCOikgVij0ozBM$LyvxK+wMxS7xmZBwQZlCR9PG/4Q9rD2Qavk8A7bZ238=", "last_login": null, "is_superuser": false, "username": "testuser", "is_staff": false, "is_active": true, "date_joined": "2025-01-11T17:59:13.152Z", "carrier_type": "us", "first_name": "", "last_name": "", "email": "", "phone": null, "DOT_number": null, "license_guid": "915b1abc-65ae-433e-9833-33cb255e22a0", "number_of_trucks": 0, "created_at": "2025-01-11T17:59:13.332Z", "updated_at": "2025-01-14T02:28:22.214Z", "groups": [], "user_permissions": []}}, {"model": "myapp.carrieruser", "pk": 6, "fields": {"password": "pbkdf2_sha256$870000$M7SAftOEntgTPVnRRrbNX4$XWA1I9iaer4c9Mow22HhNctRIF0JvLcb58e3XluqoUM=", "last_login": null, "is_superuser": false, "username": "dcampuzano", "is_staff": false, "is_active": true, "date_joined": "2025-01-11T18:17:31.802Z", "carrier_type": "us", "first_name": "12345", "last_name": "campuzano", "email": "dcampuzano@gmail.com", "phone": "123445", "DOT_number": "123456788987", "license_guid": "0b3fd771-da32-46d3-8655-f17f1442235c", "number_of_trucks": 0, "created_at": "2025-01-11T18:17:31.987Z", "updated_at": "2025-01-14T15:18:36.497Z", "groups": [1], "user_permissions": [110, 118, 113, 109, 115, 111, 114, 116, 117]}}, {"model": "myapp.carrieruser", "pk": 7, "fields": {"password": "pbkdf2_sha256$870000$HIny6eyLui5kR9885W3amd$WeYNDEjdeQTenupYS4Co0/it4O8iTbxwfhVPoF+CeLQ=", "last_login": null, "is_superuser": true, "username": "admin-dani", "is_staff": true, "is_active": true, "date_joined": "2025-01-14T00:39:27.150Z", "carrier_type": "us", "first_name": "", "last_name": "", "email": "daniadmin@admin.com", "phone": null, "DOT_number": null, "license_guid": "d30f4309-06e1-401e-b0e3-38bd3b65c2d1", "number_of_trucks": 0, "created_at": "2025-01-14T00:39:27.225Z", "updated_at": "2025-01-14T14:54:52.986Z", "groups": [], "user_permissions": [110, 118, 113, 109, 115, 111, 114, 112, 116, 117]}}, {"model": "myapp.customer", "pk": 1, "fields": {"name": "Amazon US", "email": "amazon@prueba.com", "corporation": "Amazon US", "phone_number": "123456", "dotnumber": "123456789"}}, {"model": "myapp.customer", "pk": 2, "fields": {"name": "Daniel Campuzano", "email": "aventurastorefigures@gmail.com", "corporation": "Aventura Tecnology", "phone_number": "3213129625", "dotnumber": "9764329612"}}, {"model": "myapp.customer", "pk": 4, "fields": {"name": "Prueba", "email": "prueba@gmail.com", "corporation": "Prueba", "phone_number": "3213129625", "dotnumber": "123456777"}}, {"model": "myapp.addresso", "pk": 1, "fields": {"zip_code": 15120, "address": "XCA2", "state": "California", "coordinates": "34.028092,-117.9664053", "customer": null}}, {"model": "myapp.addresso", "pk": 2, "fields": {"zip_code": 95304, "address": "OAK4", "state": "California", "coordinates": "37.74319925,-121.40863990135668", "customer": null}}, {"model": "myapp.addresso", "pk": 3, "fields": {"zip_code": 7008, "address": "EWR4", "state": "New Jersey", "coordinates": "40.19561315,-74.565247833543", "customer": null}}, {"model": "myapp.addresso", "pk": 4, "fields": {"zip_code": 7008, "address": "EWR4", "state": "New Jersey", "coordinates": "40.19561315,-74.565247833543", "customer": null}}, {"model": "myapp.addresso", "pk": 5, "fields": {"zip_code": 7008, "address": "EWR4", "state": "New Jersey", "coordinates": "40.19561315,-74.565247833543", "customer": null}}, {"model": "myapp.addresso", "pk": 6, "fields": {"zip_code": 95304, "address": "OAK4", "state": "California", "coordinates": "37.74319925,-121.40863990135668", "customer": null}}, {"model": "myapp.addresso", "pk": 7, "fields": {"zip_code": 85260, "address": "20505 N 29th Ave", "state": "Arizona", "coordinates": "33.67189452219768,-112.12070945524044", "customer": null}}, {"model": "myapp.addresso", "pk": 8, "fields": {"zip_code": 12345, "address": "123 Main St", "state": "California", "coordinates": "45.410946,-75.67854397125603", "customer": null}}, {"model": "myapp.addresso", "pk": 9, "fields": {"zip_code": 12345, "address": "123 Main St", "state": "California", "coordinates": "45.410946,-75.67854397125603", "customer": null}}, {"model": "myapp.addresso", "pk": 10, "fields": {"zip_code": 54321, "address": "987 Oak St", "state": "Texas", "coordinates": "29.835496295302015,-95.41591368456376", "customer": null}}, {"model": "myapp.addresso", "pk": 11, "fields": {"zip_code": 54321, "address": "987 Oak St", "state": "Texas", "coordinates": "29.835496295302015,-95.41591368456376", "customer": null}}, {"model": "myapp.addresso", "pk": 12, "fields": {"zip_code": 54321, "address": "987 Oak St", "state": "Texas", "coordinates": "29.835496295302015,-95.41591368456376", "customer": null}}, {"model": "myapp.addresso", "pk": 13, "fields": {"zip_code": 15120, "address": "XCA2", "state": "California", "coordinates": "34.028092,-117.9664053", "customer": null}}, {"model": "myapp.addresso", "pk": 14, "fields": {"zip_code": 15120, "address": "XCA2", "state": "California", "coordinates": "34.028092,-117.9664053", "customer": null}}, {"model": "myapp.addresso", "pk": 15, "fields": {"zip_code": 15120, "address": "XCA2", "state": "California", "coordinates": "34.028092,-117.9664053", "customer": null}}, {"model": "myapp.addresso", "pk": 16, "fields": {"zip_code": 15120, "address": "XCA2", "state": "California", "coordinates": "34.028092,-117.9664053", "customer": null}}, {"model": "myapp.addresso", "pk": 17, "fields": {"zip_code": 15120, "address": "XCA2", "state": "California", "coordinates": "34.028092,-117.9664053", "customer": null}}, {"model": "myapp.addresso", "pk": 18, "fields": {"zip_code": 15120, "address": "XCA2", "state": "California", "coordinates": "34.028092,-117.9664053", "customer": null}}, {"model": "myapp.addresso", "pk": 19, "fields": {"zip_code": 15120, "address": "XCA2", "state": "California", "coordinates": "34.028092,-117.9664053", "customer": null}}, {"model": "myapp.addresso", "pk": 20, "fields": {"zip_code": 15120, "address": "XCA2", "state": "California", "coordinates": "34.028092,-117.9664053", "customer": null}}, {"model": "myapp.addresso", "pk": 21, "fields": {"zip_code": 15120, "address": "XCA2", "state": "California", "coordinates": "34.028092,-117.9664053", "customer": null}}, {"model": "myapp.addresso", "pk": 22, "fields": {"zip_code": 15120, "address": "XCA2", "state": "California", "coordinates": "34.028092,-117.9664053", "customer": null}}, {"model": "myapp.addresso", "pk": 23, "fields": {"zip_code": 15120, "address": "XCA2", "state": "California", "coordinates": "34.028092,-117.9664053", "customer": null}}, {"model": "myapp.addresso", "pk": 24, "fields": {"zip_code": 95304, "address": "OAK4", "state": "California", "coordinates": "37.74319925,-121.40863990135668", "customer": null}}, {"model": "myapp.addressd", "pk": 1, "fields": {"zip_code": 13579, "address": "654 Maple Rd", "state": "Florida", "coordinates": "44.3032414,-76.7416342", "customer": null}}, {"model": "myapp.addressd", "pk": 2, "fields": {"zip_code": 85338, "address": "GYR3", "state": "Arizona", "coordinates": "33.45750985,-112.23330649761378", "customer": null}}, {"model": "myapp.addressd", "pk": 3, "fields": {"zip_code": 23836, "address": "RIC2", "state": "Virginia", "coordinates": "37.35174505,-77.32630465555454", "customer": null}}, {"model": "myapp.addressd", "pk": 4, "fields": {"zip_code": 23836, "address": "RIC2", "state": "Virginia", "coordinates": "37.35174505,-77.32630465555454", "customer": null}}, {"model": "myapp.addressd", "pk": 5, "fields": {"zip_code": 23836, "address": "RIC2", "state": "Virginia", "coordinates": "37.35174505,-77.32630465555454", "customer": null}}, {"model": "myapp.addressd", "pk": 6, "fields": {"zip_code": 85338, "address": "GYR3", "state": "Arizona", "coordinates": "33.45750985,-112.23330649761378", "customer": null}}, {"model": "myapp.addressd", "pk": 7, "fields": {"zip_code": 76177, "address": "2601 W Bethel Rd", "state": "Texas", "coordinates": "32.952113749999995,-97.03148000037598", "customer": null}}, {"model": "myapp.addressd", "pk": 8, "fields": {"zip_code": 67890, "address": "456 Elm St", "state": "Nevada", "coordinates": "42.3470442,-71.5776135", "customer": null}}, {"model": "myapp.addressd", "pk": 9, "fields": {"zip_code": 67890, "address": "456 Elm St", "state": "Nevada", "coordinates": "42.3470442,-71.5776135", "customer": null}}, {"model": "myapp.addressd", "pk": 10, "fields": {"zip_code": 13579, "address": "654 Maple Rd", "state": "Florida", "coordinates": "44.3032414,-76.7416342", "customer": null}}, {"model": "myapp.addressd", "pk": 11, "fields": {"zip_code": 13579, "address": "654 Maple Rd", "state": "Florida", "coordinates": "44.3032414,-76.7416342", "customer": null}}, {"model": "myapp.addressd", "pk": 12, "fields": {"zip_code": 13579, "address": "654 Maple Rd", "state": "Florida", "coordinates": "44.3032414,-76.7416342", "customer": null}}, {"model": "myapp.addressd", "pk": 13, "fields": {"zip_code": 13579, "address": "654 Maple Rd", "state": "Florida", "coordinates": "44.3032414,-76.7416342", "customer": null}}, {"model": "myapp.addressd", "pk": 14, "fields": {"zip_code": 13579, "address": "654 Maple Rd", "state": "Florida", "coordinates": "44.3032414,-76.7416342", "customer": null}}, {"model": "myapp.addressd", "pk": 15, "fields": {"zip_code": 13579, "address": "654 Maple Rd", "state": "Florida", "coordinates": "44.3032414,-76.7416342", "customer": null}}, {"model": "myapp.addressd", "pk": 16, "fields": {"zip_code": 13579, "address": "654 Maple Rd", "state": "Florida", "coordinates": "44.3032414,-76.7416342", "customer": null}}, {"model": "myapp.addressd", "pk": 17, "fields": {"zip_code": 13579, "address": "654 Maple Rd", "state": "Florida", "coordinates": "44.3032414,-76.7416342", "customer": null}}, {"model": "myapp.addressd", "pk": 18, "fields": {"zip_code": 13579, "address": "654 Maple Rd", "state": "Florida", "coordinates": "44.3032414,-76.7416342", "customer": null}}, {"model": "myapp.addressd", "pk": 19, "fields": {"zip_code": 13579, "address": "654 Maple Rd", "state": "Florida", "coordinates": "44.3032414,-76.7416342", "customer": null}}, {"model": "myapp.addressd", "pk": 20, "fields": {"zip_code": 13579, "address": "654 Maple Rd", "state": "Florida", "coordinates": "44.3032414,-76.7416342", "customer": null}}, {"model": "myapp.addressd", "pk": 21, "fields": {"zip_code": 13579, "address": "654 Maple Rd", "state": "Florida", "coordinates": "44.3032414,-76.7416342", "customer": null}}, {"model": "myapp.addressd", "pk": 22, "fields": {"zip_code": 13579, "address": "654 Maple Rd", "state": "Florida", "coordinates": "44.3032414,-76.7416342", "customer": null}}, {"model": "myapp.addressd", "pk": 23, "fields": {"zip_code": 13579, "address": "654 Maple Rd", "state": "Florida", "coordinates": "44.3032414,-76.7416342", "customer": null}}, {"model": "myapp.addressd", "pk": 24, "fields": {"zip_code": 85338, "address": "GYR3", "state": "Arizona", "coordinates": "33.45750985,-112.23330649761378", "customer": null}}, {"model": "myapp.load", "pk": 1, "fields": {"origin": 1, "destiny": 1, "is_closed": false, "equipment_type": "Reefer", "customer": 1, "loaded_miles": 1200, "total_weight": 5000, "commodity": "Produce", "classifications_and_certifications": "A", "offer": "2500.00", "is_offerted": false, "number_of_offers": 0, "status": "pending", "priority": "medium", "is_reserved": false, "assigned_user": 1, "tracking_status": "not_started", "expiration_date": null, "current_location": null, "equipment": null, "payment_status": "pending", "created_at": "2024-12-13T02:41:28.941Z", "updated_at": "2024-12-13T02:43:04.783Z", "honest_id": null, "under_review": false, "warnings": []}}, {"model": "myapp.load", "pk": 2, "fields": {"origin": 2, "destiny": 2, "is_closed": false, "equipment_type": "Reefer", "customer": 1, "loaded_miles": 700, "total_weight": 5000, "commodity": "Produce", "classifications_and_certifications": "", "offer": "2500.00", "is_offerted": false, "number_of_offers": 0, "status": "pending", "priority": "medium", "is_reserved": false, "assigned_user": null, "tracking_status": "not_started", "expiration_date": null, "current_location": null, "equipment": null, "payment_status": "pending", "created_at": "2024-12-20T22:37:25.735Z", "updated_at": "2024-12-20T22:37:25.735Z", "honest_id": null, "under_review": false, "warnings": []}}, {"model": "myapp.load", "pk": 3, "fields": {"origin": 4, "destiny": 4, "is_closed": false, "equipment_type": "Reefer", "customer": 1, "loaded_miles": 300, "total_weight": 5000, "commodity": "Produce", "classifications_and_certifications": "A", "offer": "2500.00", "is_offerted": true, "number_of_offers": 0, "status": "pending", "priority": "medium", "is_reserved": true, "assigned_user": 2, "tracking_status": "not_started", "expiration_date": null, "current_location": null, "equipment": null, "payment_status": "pending", "created_at": "2024-12-20T22:53:48.576Z", "updated_at": "2025-01-11T18:22:27.489Z", "honest_id": null, "under_review": false, "warnings": []}}, {"model": "myapp.load", "pk": 4, "fields": {"origin": 6, "destiny": 6, "is_closed": false, "equipment_type": "Reefer", "customer": 1, "loaded_miles": 700, "total_weight": 5000, "commodity": "Produce", "classifications_and_certifications": "", "offer": "2500.00", "is_offerted": false, "number_of_offers": 0, "status": "pending", "priority": "medium", "is_reserved": false, "assigned_user": null, "tracking_status": "not_started", "expiration_date": null, "current_location": null, "equipment": null, "payment_status": "pending", "created_at": "2024-12-20T23:08:50.221Z", "updated_at": "2024-12-20T23:08:50.221Z", "honest_id": null, "under_review": false, "warnings": []}}, {"model": "myapp.load", "pk": 5, "fields": {"origin": 7, "destiny": 7, "is_closed": false, "equipment_type": "Refrigerator Truck", "customer": 1, "loaded_miles": 1000, "total_weight": 4500, "commodity": "Electronics", "classifications_and_certifications": "", "offer": "1500.00", "is_offerted": false, "number_of_offers": 0, "status": "pending", "priority": "medium", "is_reserved": false, "assigned_user": null, "tracking_status": "not_started", "expiration_date": null, "current_location": null, "equipment": null, "payment_status": "pending", "created_at": "2024-12-20T23:47:56.529Z", "updated_at": "2024-12-20T23:47:56.529Z", "honest_id": null, "under_review": false, "warnings": []}}, {"model": "myapp.load", "pk": 6, "fields": {"origin": 8, "destiny": 8, "is_closed": false, "equipment_type": "Flatbed", "customer": 1, "loaded_miles": 300, "total_weight": 2000, "commodity": "Machinery", "classifications_and_certifications": "", "offer": "1500.00", "is_offerted": false, "number_of_offers": 0, "status": "pending", "priority": "medium", "is_reserved": false, "assigned_user": null, "tracking_status": "not_started", "expiration_date": null, "current_location": null, "equipment": null, "payment_status": "pending", "created_at": "2024-12-20T23:48:22.124Z", "updated_at": "2024-12-20T23:48:22.124Z", "honest_id": null, "under_review": false, "warnings": []}}, {"model": "myapp.load", "pk": 7, "fields": {"origin": 9, "destiny": 9, "is_closed": false, "equipment_type": "Flatbed", "customer": 1, "loaded_miles": 300, "total_weight": 2000, "commodity": "Machinery", "classifications_and_certifications": "", "offer": "1500.00", "is_offerted": false, "number_of_offers": 0, "status": "pending", "priority": "medium", "is_reserved": false, "assigned_user": null, "tracking_status": "not_started", "expiration_date": null, "current_location": null, "equipment": null, "payment_status": "pending", "created_at": "2024-12-20T23:48:39.109Z", "updated_at": "2024-12-20T23:48:39.109Z", "honest_id": null, "under_review": false, "warnings": []}}, {"model": "myapp.load", "pk": 8, "fields": {"origin": 10, "destiny": 10, "is_closed": false, "equipment_type": "Reefer", "customer": 2, "loaded_miles": 1200, "total_weight": 5000, "commodity": "Produce", "classifications_and_certifications": "", "offer": "2500.00", "is_offerted": false, "number_of_offers": 0, "status": "pending", "priority": "medium", "is_reserved": false, "assigned_user": null, "tracking_status": "not_started", "expiration_date": null, "current_location": null, "equipment": null, "payment_status": "pending", "created_at": "2024-12-20T23:48:57.027Z", "updated_at": "2024-12-20T23:48:57.027Z", "honest_id": null, "under_review": false, "warnings": []}}, {"model": "myapp.load", "pk": 9, "fields": {"origin": 11, "destiny": 11, "is_closed": false, "equipment_type": "Reefer", "customer": 2, "loaded_miles": 1200, "total_weight": 5000, "commodity": "Produce", "classifications_and_certifications": "", "offer": "2500.00", "is_offerted": false, "number_of_offers": 0, "status": "pending", "priority": "medium", "is_reserved": false, "assigned_user": null, "tracking_status": "not_started", "expiration_date": null, "current_location": null, "equipment": null, "payment_status": "pending", "created_at": "2024-12-20T23:49:02.554Z", "updated_at": "2024-12-20T23:49:02.554Z", "honest_id": null, "under_review": false, "warnings": []}}, {"model": "myapp.load", "pk": 10, "fields": {"origin": 12, "destiny": 12, "is_closed": false, "equipment_type": "Reefer", "customer": 1, "loaded_miles": 1200, "total_weight": 5000, "commodity": "Produce", "classifications_and_certifications": "", "offer": "2500.00", "is_offerted": false, "number_of_offers": 0, "status": "pending", "priority": "medium", "is_reserved": false, "assigned_user": null, "tracking_status": "not_started", "expiration_date": null, "current_location": null, "equipment": null, "payment_status": "pending", "created_at": "2024-12-20T23:49:07.930Z", "updated_at": "2024-12-20T23:49:07.930Z", "honest_id": null, "under_review": false, "warnings": []}}, {"model": "myapp.load", "pk": 11, "fields": {"origin": 13, "destiny": 13, "is_closed": false, "equipment_type": "Reefer", "customer": 1, "loaded_miles": 1200, "total_weight": 5000, "commodity": "Produce", "classifications_and_certifications": "", "offer": "2500.00", "is_offerted": false, "number_of_offers": 0, "status": "pending", "priority": "medium", "is_reserved": false, "assigned_user": null, "tracking_status": "not_started", "expiration_date": null, "current_location": null, "equipment": null, "payment_status": "pending", "created_at": "2024-12-20T23:49:16.959Z", "updated_at": "2024-12-20T23:49:16.959Z", "honest_id": null, "under_review": false, "warnings": []}}, {"model": "myapp.load", "pk": 12, "fields": {"origin": 14, "destiny": 14, "is_closed": false, "equipment_type": "Reefer", "customer": 1, "loaded_miles": 1200, "total_weight": 5000, "commodity": "Produce", "classifications_and_certifications": "", "offer": "2500.00", "is_offerted": false, "number_of_offers": 0, "status": "pending", "priority": "medium", "is_reserved": false, "assigned_user": null, "tracking_status": "not_started", "expiration_date": null, "current_location": null, "equipment": null, "payment_status": "pending", "created_at": "2024-12-20T23:49:33.046Z", "updated_at": "2024-12-20T23:49:33.046Z", "honest_id": null, "under_review": false, "warnings": []}}, {"model": "myapp.load", "pk": 13, "fields": {"origin": 15, "destiny": 15, "is_closed": false, "equipment_type": "Reefer", "customer": 1, "loaded_miles": 1200, "total_weight": 5000, "commodity": "Produce", "classifications_and_certifications": "", "offer": "2500.00", "is_offerted": false, "number_of_offers": 0, "status": "pending", "priority": "medium", "is_reserved": false, "assigned_user": null, "tracking_status": "not_started", "expiration_date": null, "current_location": null, "equipment": null, "payment_status": "pending", "created_at": "2024-12-20T23:50:00.986Z", "updated_at": "2024-12-20T23:50:00.986Z", "honest_id": null, "under_review": false, "warnings": []}}, {"model": "myapp.load", "pk": 14, "fields": {"origin": 16, "destiny": 16, "is_closed": false, "equipment_type": "Reefer", "customer": 1, "loaded_miles": 1200, "total_weight": 5000, "commodity": "Produce", "classifications_and_certifications": "", "offer": "2500.00", "is_offerted": false, "number_of_offers": 0, "status": "pending", "priority": "medium", "is_reserved": false, "assigned_user": null, "tracking_status": "not_started", "expiration_date": null, "current_location": null, "equipment": null, "payment_status": "pending", "created_at": "2024-12-20T23:50:03.946Z", "updated_at": "2024-12-20T23:50:03.946Z", "honest_id": null, "under_review": false, "warnings": []}}, {"model": "myapp.load", "pk": 15, "fields": {"origin": 17, "destiny": 17, "is_closed": false, "equipment_type": "Reefer", "customer": 1, "loaded_miles": 1200, "total_weight": 5000, "commodity": "Produce", "classifications_and_certifications": "", "offer": "2500.00", "is_offerted": false, "number_of_offers": 0, "status": "pending", "priority": "medium", "is_reserved": false, "assigned_user": null, "tracking_status": "not_started", "expiration_date": null, "current_location": null, "equipment": null, "payment_status": "pending", "created_at": "2024-12-20T23:50:29.813Z", "updated_at": "2024-12-20T23:50:29.813Z", "honest_id": null, "under_review": false, "warnings": []}}, {"model": "myapp.load", "pk": 16, "fields": {"origin": 18, "destiny": 18, "is_closed": false, "equipment_type": "Reefer", "customer": 1, "loaded_miles": 1200, "total_weight": 5000, "commodity": "Produce", "classifications_and_certifications": "", "offer": "2500.00", "is_offerted": false, "number_of_offers": 0, "status": "pending", "priority": "medium", "is_reserved": false, "assigned_user": null, "tracking_status": "not_started", "expiration_date": null, "current_location": null, "equipment": null, "payment_status": "pending", "created_at": "2024-12-20T23:50:57.857Z", "updated_at": "2024-12-20T23:50:57.857Z", "honest_id": null, "under_review": false, "warnings": []}}, {"model": "myapp.load", "pk": 17, "fields": {"origin": 19, "destiny": 19, "is_closed": false, "equipment_type": "Reefer", "customer": 1, "loaded_miles": 1200, "total_weight": 5000, "commodity": "Produce", "classifications_and_certifications": "", "offer": "2000.00", "is_offerted": false, "number_of_offers": 0, "status": "pending", "priority": "medium", "is_reserved": false, "assigned_user": null, "tracking_status": "not_started", "expiration_date": null, "current_location": null, "equipment": null, "payment_status": "pending", "created_at": "2024-12-20T23:51:19.541Z", "updated_at": "2024-12-20T23:51:19.541Z", "honest_id": null, "under_review": false, "warnings": []}}, {"model": "myapp.load", "pk": 18, "fields": {"origin": 20, "destiny": 20, "is_closed": false, "equipment_type": "Reefer", "customer": 1, "loaded_miles": 1200, "total_weight": 5000, "commodity": "Produce", "classifications_and_certifications": "", "offer": "2500.00", "is_offerted": false, "number_of_offers": 0, "status": "pending", "priority": "medium", "is_reserved": false, "assigned_user": null, "tracking_status": "not_started", "expiration_date": null, "current_location": null, "equipment": null, "payment_status": "pending", "created_at": "2024-12-20T23:51:44.065Z", "updated_at": "2024-12-20T23:51:44.065Z", "honest_id": null, "under_review": false, "warnings": []}}, {"model": "myapp.load", "pk": 19, "fields": {"origin": 21, "destiny": 21, "is_closed": false, "equipment_type": "Reefer", "customer": 1, "loaded_miles": 1200, "total_weight": 5000, "commodity": "Produce", "classifications_and_certifications": "", "offer": "2500.00", "is_offerted": false, "number_of_offers": 0, "status": "pending", "priority": "medium", "is_reserved": false, "assigned_user": null, "tracking_status": "not_started", "expiration_date": null, "current_location": null, "equipment": null, "payment_status": "pending", "created_at": "2024-12-20T23:52:06.444Z", "updated_at": "2024-12-20T23:52:06.444Z", "honest_id": null, "under_review": false, "warnings": []}}, {"model": "myapp.load", "pk": 20, "fields": {"origin": 22, "destiny": 22, "is_closed": false, "equipment_type": "Reefer", "customer": 1, "loaded_miles": 1200, "total_weight": 5000, "commodity": "Produce", "classifications_and_certifications": "", "offer": "2500.00", "is_offerted": false, "number_of_offers": 0, "status": "pending", "priority": "medium", "is_reserved": false, "assigned_user": null, "tracking_status": "not_started", "expiration_date": null, "current_location": null, "equipment": null, "payment_status": "pending", "created_at": "2024-12-20T23:52:24.040Z", "updated_at": "2024-12-20T23:52:24.040Z", "honest_id": null, "under_review": false, "warnings": []}}, {"model": "myapp.stop", "pk": 1, "fields": {"load": 1, "location": "101 Apple Ln, Austin, TX", "date_time": "2024-11-24T08:00:00Z", "action_type": "Pickup", "estimated_weight": 1500, "quantity": 10, "coordinates": "29.68394,-96.13381", "loaded_on": "2024-12-13T02:41:29.857Z"}}, {"model": "myapp.stop", "pk": 2, "fields": {"load": 1, "location": "150 Peach St, Houston, TX", "date_time": "2024-11-24T14:00:00Z", "action_type": "Pickup", "estimated_weight": 2000, "quantity": 20, "coordinates": "29.858630479618736,-95.32136947945578", "loaded_on": "2024-12-13T02:41:30.809Z"}}, {"model": "myapp.stop", "pk": 3, "fields": {"load": 1, "location": "250 Banana Blvd, New Orleans, LA", "date_time": "2024-11-25T09:00:00Z", "action_type": "Dropoff", "estimated_weight": 1000, "quantity": 5, "coordinates": "29.9508941,-90.07583559999999", "loaded_on": "2024-12-13T02:41:34.502Z"}}, {"model": "myapp.stop", "pk": 4, "fields": {"load": 1, "location": "350 Cherry Ave, Tallahassee, FL", "date_time": "2024-11-25T13:00:00Z", "action_type": "Pickup", "estimated_weight": 500, "quantity": 8, "coordinates": "30.4478479,-84.27697350000001", "loaded_on": "2024-12-13T02:41:37.864Z"}}, {"model": "myapp.stop", "pk": 5, "fields": {"load": 1, "location": "202 Orange Ave, Orlando, FL", "date_time": "2024-11-25T16:00:00Z", "action_type": "Dropoff", "estimated_weight": 3500, "quantity": 15, "coordinates": "28.5322861,-81.3784693", "loaded_on": "2024-12-13T02:41:38.728Z"}}, {"model": "myapp.stop", "pk": 6, "fields": {"load": 2, "location": "SMF3", "date_time": "2024-11-24T08:00:00Z", "action_type": "Pickup", "estimated_weight": 1500, "quantity": 10, "coordinates": "37.91454215,-121.25225770243927", "loaded_on": "2024-12-20T22:37:27.202Z"}}, {"model": "myapp.stop", "pk": 7, "fields": {"load": 2, "location": "ONT2", "date_time": "2024-11-24T14:00:00Z", "action_type": "Pickup", "estimated_weight": 2000, "quantity": 20, "coordinates": "34.088344750000005,-117.24611690695392", "loaded_on": "2024-12-20T22:37:28.069Z"}}, {"model": "myapp.stop", "pk": 8, "fields": {"load": 4, "location": "SMF3", "date_time": "2024-11-24T08:00:00Z", "action_type": "Pickup", "estimated_weight": 1500, "quantity": 10, "coordinates": "37.91454215,-121.25225770243927", "loaded_on": "2024-12-20T23:08:51.253Z"}}, {"model": "myapp.stop", "pk": 9, "fields": {"load": 4, "location": "ONT2", "date_time": "2024-11-24T14:00:00Z", "action_type": "Pickup", "estimated_weight": 2000, "quantity": 20, "coordinates": "34.088344750000005,-117.24611690695392", "loaded_on": "2024-12-20T23:08:52.182Z"}}, {"model": "myapp.stop", "pk": 10, "fields": {"load": 6, "location": "789 Pine St, San Diego, CA", "date_time": "2024-11-22T10:00:00Z", "action_type": "Pickup", "estimated_weight": 500, "quantity": 5, "coordinates": "33.052844571325465,-116.87124604818604", "loaded_on": "2024-12-20T23:48:23.402Z"}}, {"model": "myapp.stop", "pk": 11, "fields": {"load": 6, "location": "321 Maple Ave, Las Vegas, NV", "date_time": "2024-11-23T14:00:00Z", "action_type": "Dropoff", "estimated_weight": 1000, "quantity": 10, "coordinates": "36.3029892,-115.2162108", "loaded_on": "2024-12-20T23:48:27.933Z"}}, {"model": "myapp.stop", "pk": 12, "fields": {"load": 7, "location": "789 Pine St, San Diego, CA", "date_time": "2024-11-22T10:00:00Z", "action_type": "Pickup", "estimated_weight": 500, "quantity": 5, "coordinates": "33.052844571325465,-116.87124604818604", "loaded_on": "2024-12-20T23:48:40.255Z"}}, {"model": "myapp.stop", "pk": 13, "fields": {"load": 7, "location": "321 Maple Ave, Las Vegas, NV", "date_time": "2024-11-23T14:00:00Z", "action_type": "Dropoff", "estimated_weight": 1000, "quantity": 10, "coordinates": "36.3029892,-115.2162108", "loaded_on": "2024-12-20T23:48:45.454Z"}}, {"model": "myapp.stop", "pk": 14, "fields": {"load": 8, "location": "101 Apple Ln, Austin, TX", "date_time": "2024-11-24T08:00:00Z", "action_type": "Pickup", "estimated_weight": 1500, "quantity": 10, "coordinates": "29.68412434821423,-96.13402200044636", "loaded_on": "2024-12-20T23:48:57.829Z"}}, {"model": "myapp.stop", "pk": 15, "fields": {"load": 8, "location": "202 Orange Ave, Orlando, FL", "date_time": "2024-11-25T16:00:00Z", "action_type": "Dropoff", "estimated_weight": 3500, "quantity": 15, "coordinates": "28.4688035,-81.37378852847496", "loaded_on": "2024-12-20T23:48:58.777Z"}}, {"model": "myapp.stop", "pk": 16, "fields": {"load": 9, "location": "101 Apple Ln, Austin, TX", "date_time": "2024-11-24T08:00:00Z", "action_type": "Pickup", "estimated_weight": 1500, "quantity": 10, "coordinates": "29.68412434821423,-96.13402200044636", "loaded_on": "2024-12-20T23:49:03.461Z"}}, {"model": "myapp.stop", "pk": 17, "fields": {"load": 9, "location": "202 Orange Ave, Orlando, FL", "date_time": "2024-11-25T16:00:00Z", "action_type": "Dropoff", "estimated_weight": 3500, "quantity": 15, "coordinates": "28.4688035,-81.37378852847496", "loaded_on": "2024-12-20T23:49:04.451Z"}}, {"model": "myapp.stop", "pk": 18, "fields": {"load": 10, "location": "101 Apple Ln, Austin, TX", "date_time": "2024-11-24T08:00:00Z", "action_type": "Pickup", "estimated_weight": 1500, "quantity": 10, "coordinates": "29.68412434821423,-96.13402200044636", "loaded_on": "2024-12-20T23:49:08.902Z"}}, {"model": "myapp.stop", "pk": 19, "fields": {"load": 10, "location": "202 Orange Ave, Orlando, FL", "date_time": "2024-11-25T16:00:00Z", "action_type": "Dropoff", "estimated_weight": 3500, "quantity": 15, "coordinates": "28.4688035,-81.37378852847496", "loaded_on": "2024-12-20T23:49:09.877Z"}}, {"model": "myapp.stop", "pk": 20, "fields": {"load": 11, "location": "101 Apple Ln, Austin, TX", "date_time": "2024-11-24T08:00:00Z", "action_type": "Pickup", "estimated_weight": 1500, "quantity": 10, "coordinates": "29.68412434821423,-96.13402200044636", "loaded_on": "2024-12-20T23:49:17.932Z"}}, {"model": "myapp.stop", "pk": 21, "fields": {"load": 11, "location": "150 Peach St, Houston, TX", "date_time": "2024-11-24T14:00:00Z", "action_type": "Pickup", "estimated_weight": 2000, "quantity": 20, "coordinates": "29.853072017508225,-95.32362605079724", "loaded_on": "2024-12-20T23:49:19.794Z"}}, {"model": "myapp.stop", "pk": 22, "fields": {"load": 11, "location": "250 Banana Blvd, New Orleans, LA", "date_time": "2024-11-25T09:00:00Z", "action_type": "Dropoff", "estimated_weight": 1000, "quantity": 5, "coordinates": "29.9508941,-90.07583559999999", "loaded_on": "2024-12-20T23:49:23.381Z"}}, {"model": "myapp.stop", "pk": 23, "fields": {"load": 11, "location": "350 Cherry Ave, Tallahassee, FL", "date_time": "2024-11-25T13:00:00Z", "action_type": "Pickup", "estimated_weight": 500, "quantity": 8, "coordinates": "30.4478479,-84.27697350000001", "loaded_on": "2024-12-20T23:49:26.631Z"}}, {"model": "myapp.stop", "pk": 24, "fields": {"load": 11, "location": "202 Orange Ave, Orlando, FL", "date_time": "2024-11-25T16:00:00Z", "action_type": "Dropoff", "estimated_weight": 3500, "quantity": 15, "coordinates": "28.4688035,-81.37378852847496", "loaded_on": "2024-12-20T23:49:27.340Z"}}, {"model": "myapp.stop", "pk": 25, "fields": {"load": 12, "location": "101 Apple Ln, Austin, TX", "date_time": "2024-11-24T08:00:00Z", "action_type": "Pickup", "estimated_weight": 1500, "quantity": 10, "coordinates": "29.68412434821423,-96.13402200044636", "loaded_on": "2024-12-20T23:49:33.950Z"}}, {"model": "myapp.stop", "pk": 26, "fields": {"load": 12, "location": "150 Peach St, Houston, TX", "date_time": "2024-11-24T14:00:00Z", "action_type": "Pickup", "estimated_weight": 2000, "quantity": 20, "coordinates": "29.853072017508225,-95.32362605079724", "loaded_on": "2024-12-20T23:49:35.056Z"}}, {"model": "myapp.stop", "pk": 27, "fields": {"load": 12, "location": "250 Banana Blvd, New Orleans, LA", "date_time": "2024-11-25T09:00:00Z", "action_type": "Dropoff", "estimated_weight": 1000, "quantity": 5, "coordinates": "29.9508941,-90.07583559999999", "loaded_on": "2024-12-20T23:49:38.969Z"}}, {"model": "myapp.stop", "pk": 28, "fields": {"load": 12, "location": "350 Cherry Ave, Tallahassee, FL", "date_time": "2024-11-25T13:00:00Z", "action_type": "Pickup", "estimated_weight": 500, "quantity": 8, "coordinates": "30.4478479,-84.27697350000001", "loaded_on": "2024-12-20T23:49:43.481Z"}}, {"model": "myapp.stop", "pk": 29, "fields": {"load": 12, "location": "202 Orange Ave, Orlando, FL", "date_time": "2024-11-25T16:00:00Z", "action_type": "Dropoff", "estimated_weight": 3500, "quantity": 15, "coordinates": "28.4688035,-81.37378852847496", "loaded_on": "2024-12-20T23:49:44.806Z"}}, {"model": "myapp.stop", "pk": 30, "fields": {"load": 13, "location": "101 Apple Ln, Austin, TX", "date_time": "2024-11-24T08:00:00Z", "action_type": "Pickup", "estimated_weight": 1500, "quantity": 10, "coordinates": "29.68412434821423,-96.13402200044636", "loaded_on": "2024-12-20T23:50:02.992Z"}}, {"model": "myapp.stop", "pk": 31, "fields": {"load": 13, "location": "150 Peach St, Houston, TX", "date_time": "2024-11-24T14:00:00Z", "action_type": "Pickup", "estimated_weight": 2000, "quantity": 20, "coordinates": "29.853072017508225,-95.32362605079724", "loaded_on": "2024-12-20T23:50:04.929Z"}}, {"model": "myapp.stop", "pk": 32, "fields": {"load": 14, "location": "101 Apple Ln, Austin, TX", "date_time": "2024-11-24T08:00:00Z", "action_type": "Pickup", "estimated_weight": 1500, "quantity": 10, "coordinates": "29.68412434821423,-96.13402200044636", "loaded_on": "2024-12-20T23:50:05.952Z"}}, {"model": "myapp.stop", "pk": 33, "fields": {"load": 14, "location": "150 Peach St, Houston, TX", "date_time": "2024-11-24T14:00:00Z", "action_type": "Pickup", "estimated_weight": 2000, "quantity": 20, "coordinates": "29.853072017508225,-95.32362605079724", "loaded_on": "2024-12-20T23:50:07.754Z"}}, {"model": "myapp.stop", "pk": 34, "fields": {"load": 14, "location": "250 Banana Blvd, New Orleans, LA", "date_time": "2024-11-25T09:00:00Z", "action_type": "Dropoff", "estimated_weight": 1000, "quantity": 5, "coordinates": "29.9508941,-90.07583559999999", "loaded_on": "2024-12-20T23:50:14.051Z"}}, {"model": "myapp.stop", "pk": 35, "fields": {"load": 13, "location": "250 Banana Blvd, New Orleans, LA", "date_time": "2024-11-25T09:00:00Z", "action_type": "Dropoff", "estimated_weight": 1000, "quantity": 5, "coordinates": "29.9508941,-90.07583559999999", "loaded_on": "2024-12-20T23:50:17.013Z"}}, {"model": "myapp.stop", "pk": 36, "fields": {"load": 14, "location": "350 Cherry Ave, Tallahassee, FL", "date_time": "2024-11-25T13:00:00Z", "action_type": "Pickup", "estimated_weight": 500, "quantity": 8, "coordinates": "30.4478479,-84.27697350000001", "loaded_on": "2024-12-20T23:50:19.567Z"}}, {"model": "myapp.stop", "pk": 37, "fields": {"load": 14, "location": "202 Orange Ave, Orlando, FL", "date_time": "2024-11-25T16:00:00Z", "action_type": "Dropoff", "estimated_weight": 3500, "quantity": 15, "coordinates": "28.4688035,-81.37378852847496", "loaded_on": "2024-12-20T23:50:20.886Z"}}, {"model": "myapp.stop", "pk": 38, "fields": {"load": 13, "location": "350 Cherry Ave, Tallahassee, FL", "date_time": "2024-11-25T13:00:00Z", "action_type": "Pickup", "estimated_weight": 500, "quantity": 8, "coordinates": "30.4478479,-84.27697350000001", "loaded_on": "2024-12-20T23:50:22.437Z"}}, {"model": "myapp.stop", "pk": 39, "fields": {"load": 13, "location": "202 Orange Ave, Orlando, FL", "date_time": "2024-11-25T16:00:00Z", "action_type": "Dropoff", "estimated_weight": 3500, "quantity": 15, "coordinates": "28.4688035,-81.37378852847496", "loaded_on": "2024-12-20T23:50:24.203Z"}}, {"model": "myapp.stop", "pk": 40, "fields": {"load": 15, "location": "101 Apple Ln, Austin, TX", "date_time": "2024-11-24T08:00:00Z", "action_type": "Pickup", "estimated_weight": 1500, "quantity": 10, "coordinates": "29.68412434821423,-96.13402200044636", "loaded_on": "2024-12-20T23:50:31.093Z"}}, {"model": "myapp.stop", "pk": 41, "fields": {"load": 15, "location": "150 Peach St, Houston, TX", "date_time": "2024-11-24T14:00:00Z", "action_type": "Pickup", "estimated_weight": 2000, "quantity": 20, "coordinates": "29.853072017508225,-95.32362605079724", "loaded_on": "2024-12-20T23:50:32.924Z"}}, {"model": "myapp.stop", "pk": 42, "fields": {"load": 15, "location": "250 Banana Blvd, New Orleans, LA", "date_time": "2024-11-25T09:00:00Z", "action_type": "Dropoff", "estimated_weight": 1000, "quantity": 5, "coordinates": "29.9508941,-90.07583559999999", "loaded_on": "2024-12-20T23:50:43.508Z"}}, {"model": "myapp.stop", "pk": 43, "fields": {"load": 15, "location": "350 Cherry Ave, Tallahassee, FL", "date_time": "2024-11-25T13:00:00Z", "action_type": "Pickup", "estimated_weight": 500, "quantity": 8, "coordinates": "30.4478479,-84.27697350000001", "loaded_on": "2024-12-20T23:50:48.939Z"}}, {"model": "myapp.stop", "pk": 44, "fields": {"load": 15, "location": "202 Orange Ave, Orlando, FL", "date_time": "2024-11-25T16:00:00Z", "action_type": "Dropoff", "estimated_weight": 3500, "quantity": 15, "coordinates": "28.4688035,-81.37378852847496", "loaded_on": "2024-12-20T23:50:49.702Z"}}, {"model": "myapp.stop", "pk": 45, "fields": {"load": 16, "location": "101 Apple Ln, Austin, TX", "date_time": "2024-11-24T08:00:00Z", "action_type": "Pickup", "estimated_weight": 1500, "quantity": 10, "coordinates": "29.68412434821423,-96.13402200044636", "loaded_on": "2024-12-20T23:50:58.779Z"}}, {"model": "myapp.stop", "pk": 46, "fields": {"load": 16, "location": "150 Peach St, Houston, TX", "date_time": "2024-11-24T14:00:00Z", "action_type": "Pickup", "estimated_weight": 2000, "quantity": 20, "coordinates": "29.853072017508225,-95.32362605079724", "loaded_on": "2024-12-20T23:51:00.249Z"}}, {"model": "myapp.stop", "pk": 47, "fields": {"load": 16, "location": "250 Banana Blvd, New Orleans, LA", "date_time": "2024-11-25T09:00:00Z", "action_type": "Dropoff", "estimated_weight": 1000, "quantity": 5, "coordinates": "29.9508941,-90.07583559999999", "loaded_on": "2024-12-20T23:51:05.325Z"}}, {"model": "myapp.stop", "pk": 48, "fields": {"load": 16, "location": "350 Cherry Ave, Tallahassee, FL", "date_time": "2024-11-25T13:00:00Z", "action_type": "Pickup", "estimated_weight": 500, "quantity": 8, "coordinates": "30.4478479,-84.27697350000001", "loaded_on": "2024-12-20T23:51:09.351Z"}}, {"model": "myapp.stop", "pk": 49, "fields": {"load": 16, "location": "202 Orange Ave, Orlando, FL", "date_time": "2024-11-25T16:00:00Z", "action_type": "Dropoff", "estimated_weight": 3500, "quantity": 15, "coordinates": "28.4688035,-81.37378852847496", "loaded_on": "2024-12-20T23:51:10.100Z"}}, {"model": "myapp.stop", "pk": 50, "fields": {"load": 17, "location": "101 Apple Ln, Austin, TX", "date_time": "2024-11-24T08:00:00Z", "action_type": "Pickup", "estimated_weight": 1500, "quantity": 10, "coordinates": "29.68412434821423,-96.13402200044636", "loaded_on": "2024-12-20T23:51:20.351Z"}}, {"model": "myapp.stop", "pk": 51, "fields": {"load": 17, "location": "150 Peach St, Houston, TX", "date_time": "2024-11-24T14:00:00Z", "action_type": "Pickup", "estimated_weight": 2000, "quantity": 20, "coordinates": "29.853072017508225,-95.32362605079724", "loaded_on": "2024-12-20T23:51:22.111Z"}}, {"model": "myapp.stop", "pk": 52, "fields": {"load": 17, "location": "250 Banana Blvd, New Orleans, LA", "date_time": "2024-11-25T09:00:00Z", "action_type": "Dropoff", "estimated_weight": 1000, "quantity": 5, "coordinates": "29.9508941,-90.07583559999999", "loaded_on": "2024-12-20T23:51:26.976Z"}}, {"model": "myapp.stop", "pk": 53, "fields": {"load": 17, "location": "350 Cherry Ave, Tallahassee, FL", "date_time": "2024-11-25T13:00:00Z", "action_type": "Pickup", "estimated_weight": 500, "quantity": 8, "coordinates": "30.4478479,-84.27697350000001", "loaded_on": "2024-12-20T23:51:30.853Z"}}, {"model": "myapp.stop", "pk": 54, "fields": {"load": 17, "location": "202 Orange Ave, Orlando, FL", "date_time": "2024-11-25T16:00:00Z", "action_type": "Dropoff", "estimated_weight": 3500, "quantity": 15, "coordinates": "28.4688035,-81.37378852847496", "loaded_on": "2024-12-20T23:51:33.275Z"}}, {"model": "myapp.stop", "pk": 55, "fields": {"load": 18, "location": "101 Apple Ln, Austin, TX", "date_time": "2024-11-24T08:00:00Z", "action_type": "Pickup", "estimated_weight": 1500, "quantity": 10, "coordinates": "29.68412434821423,-96.13402200044636", "loaded_on": "2024-12-20T23:51:45.650Z"}}, {"model": "myapp.stop", "pk": 56, "fields": {"load": 18, "location": "150 Peach St, Houston, TX", "date_time": "2024-11-24T14:00:00Z", "action_type": "Pickup", "estimated_weight": 2000, "quantity": 20, "coordinates": "29.853072017508225,-95.32362605079724", "loaded_on": "2024-12-20T23:51:46.637Z"}}, {"model": "myapp.stop", "pk": 57, "fields": {"load": 18, "location": "250 Banana Blvd, New Orleans, LA", "date_time": "2024-11-25T09:00:00Z", "action_type": "Dropoff", "estimated_weight": 1000, "quantity": 5, "coordinates": "29.9508941,-90.07583559999999", "loaded_on": "2024-12-20T23:51:50.653Z"}}, {"model": "myapp.stop", "pk": 58, "fields": {"load": 18, "location": "350 Cherry Ave, Tallahassee, FL", "date_time": "2024-11-25T13:00:00Z", "action_type": "Pickup", "estimated_weight": 500, "quantity": 8, "coordinates": "30.4478479,-84.27697350000001", "loaded_on": "2024-12-20T23:51:55.272Z"}}, {"model": "myapp.stop", "pk": 59, "fields": {"load": 18, "location": "202 Orange Ave, Orlando, FL", "date_time": "2024-11-25T16:00:00Z", "action_type": "Dropoff", "estimated_weight": 3500, "quantity": 15, "coordinates": "28.4688035,-81.37378852847496", "loaded_on": "2024-12-20T23:51:57.563Z"}}, {"model": "myapp.stop", "pk": 60, "fields": {"load": 19, "location": "101 Apple Ln, Austin, TX", "date_time": "2024-11-24T08:00:00Z", "action_type": "Pickup", "estimated_weight": 1500, "quantity": 10, "coordinates": "29.68412434821423,-96.13402200044636", "loaded_on": "2024-12-20T23:52:07.410Z"}}, {"model": "myapp.stop", "pk": 61, "fields": {"load": 19, "location": "150 Peach St, Houston, TX", "date_time": "2024-11-24T14:00:00Z", "action_type": "Pickup", "estimated_weight": 2000, "quantity": 20, "coordinates": "29.853072017508225,-95.32362605079724", "loaded_on": "2024-12-20T23:52:08.448Z"}}, {"model": "myapp.stop", "pk": 62, "fields": {"load": 19, "location": "250 Banana Blvd, New Orleans, LA", "date_time": "2024-11-25T09:00:00Z", "action_type": "Dropoff", "estimated_weight": 1000, "quantity": 5, "coordinates": "29.9508941,-90.07583559999999", "loaded_on": "2024-12-20T23:52:12.153Z"}}, {"model": "myapp.stop", "pk": 63, "fields": {"load": 19, "location": "350 Cherry Ave, Tallahassee, FL", "date_time": "2024-11-25T13:00:00Z", "action_type": "Pickup", "estimated_weight": 500, "quantity": 8, "coordinates": "30.4478479,-84.27697350000001", "loaded_on": "2024-12-20T23:52:15.727Z"}}, {"model": "myapp.stop", "pk": 64, "fields": {"load": 19, "location": "202 Orange Ave, Orlando, FL", "date_time": "2024-11-25T16:00:00Z", "action_type": "Dropoff", "estimated_weight": 3500, "quantity": 15, "coordinates": "28.4688035,-81.37378852847496", "loaded_on": "2024-12-20T23:52:16.454Z"}}, {"model": "myapp.stop", "pk": 65, "fields": {"load": 20, "location": "101 Apple Ln, Austin, TX", "date_time": "2024-11-24T08:00:00Z", "action_type": "Pickup", "estimated_weight": 1500, "quantity": 10, "coordinates": "29.68412434821423,-96.13402200044636", "loaded_on": "2024-12-20T23:52:24.991Z"}}, {"model": "myapp.stop", "pk": 66, "fields": {"load": 20, "location": "150 Peach St, Houston, TX", "date_time": "2024-11-24T14:00:00Z", "action_type": "Pickup", "estimated_weight": 2000, "quantity": 20, "coordinates": "29.853072017508225,-95.32362605079724", "loaded_on": "2024-12-20T23:52:27.477Z"}}, {"model": "myapp.stop", "pk": 67, "fields": {"load": 20, "location": "250 Banana Blvd, New Orleans, LA", "date_time": "2024-11-25T09:00:00Z", "action_type": "Dropoff", "estimated_weight": 1000, "quantity": 5, "coordinates": "29.9508941,-90.07583559999999", "loaded_on": "2024-12-20T23:52:32.234Z"}}, {"model": "myapp.stop", "pk": 68, "fields": {"load": 20, "location": "350 Cherry Ave, Tallahassee, FL", "date_time": "2024-11-25T13:00:00Z", "action_type": "Pickup", "estimated_weight": 500, "quantity": 8, "coordinates": "30.4478479,-84.27697350000001", "loaded_on": "2024-12-20T23:52:36.293Z"}}, {"model": "myapp.stop", "pk": 69, "fields": {"load": 20, "location": "202 Orange Ave, Orlando, FL", "date_time": "2024-11-25T16:00:00Z", "action_type": "Dropoff", "estimated_weight": 3500, "quantity": 15, "coordinates": "28.4688035,-81.37378852847496", "loaded_on": "2024-12-20T23:52:36.990Z"}}, {"model": "myapp.equipmenttype", "pk": 1, "fields": {"name": "Power Only."}}, {"model": "myapp.equipmenttype", "pk": 3, "fields": {"name": "FlatBed"}}, {"model": "myapp.equipmenttype", "pk": 4, "fields": {"name": "Dry Vans"}}, {"model": "myapp.equipmenttype", "pk": 5, "fields": {"name": "Reefer Trailer"}}, {"model": "myapp.equipmenttype", "pk": 6, "fields": {"name": "Driver"}}, {"model": "myapp.offerhistory", "pk": 1, "fields": {"load": 3, "user": 2, "amount": "1500.00", "status": "accepted", "date": "2025-01-11T18:21:34Z", "terms_change": false, "proposed_pickup_date": null, "proposed_pickup_time": null, "proposed_delivery_date": null, "proposed_delivery_time": null}}, {"model": "myapp.processedemail", "pk": 1, "fields": {"message_id": "<CAHE0ZvsUK2hWApC_43oZnwELAxk+St4KU_kYhQ-Jc2mCccJ0_g@mail.gmail.com>"}}, {"model": "myapp.processedemail", "pk": 2, "fields": {"message_id": "<CAHE0ZvsZtKb9nbTPG6_tWBpdGg3qyNC5yD+kneu2LeaKR4+f6g@mail.gmail.com>"}}, {"model": "myapp.processedemail", "pk": 3, "fields": {"message_id": "<CAHE0ZvsddZN2_+bKUxTQxr_98bFWQeJW_LCirpEE_4U8n-oNcg@mail.gmail.com>"}}, {"model": "myapp.processedemail", "pk": 4, "fields": {"message_id": "<CAHE0ZvsYWrFQUw4FhL0rBy6ZG7q23Mf-WkH2RtpJc31DbO8pnw@mail.gmail.com>"}}, {"model": "myapp.processedemail", "pk": 5, "fields": {"message_id": "<CAHE0ZvuF8xuXJUjrkB+8Oq21-eGf5MkfTYUA-tTLfjXDNMtFRg@mail.gmail.com>"}}, {"model": "myapp.processedemail", "pk": 6, "fields": {"message_id": "<CAHE0Zvudqf1O2-UwJighPXPmm+9tN6eRCt0rcwDANhw7c7YPew@mail.gmail.com>"}}, {"model": "myapp.processedemail", "pk": 7, "fields": {"message_id": "<CAHE0ZvvnjpKsSpg6c9+-6PtigfDo9x2Wu6fU7K47KKoXUBKqyQ@mail.gmail.com>"}}, {"model": "myapp.processedemail", "pk": 8, "fields": {"message_id": "<CAHE0ZvsoV_5qNpaTCeUOYSS=bg1e47abTGCuKuLAiyw_U_F_2A@mail.gmail.com>"}}, {"model": "myapp.processedemail", "pk": 9, "fields": {"message_id": "<CAHE0ZvsQ6FHDkhPsf2_9NHgK45ETWVnVDnQiPXMFEiFnjygXPA@mail.gmail.com>"}}, {"model": "myapp.processedemail", "pk": 10, "fields": {"message_id": "<CAHE0ZvuZnVtdMa3_Jz-w=1j8uaq4nAVfBxRoRGZ5tvfm0c_pgA@mail.gmail.com>"}}, {"model": "myapp.processedemail", "pk": 11, "fields": {"message_id": "<CAHE0ZvvSf1MiLEDBiey8c6bL01LXWuprkmBFw74HxahZOXL5eQ@mail.gmail.com>"}}, {"model": "myapp.processedemail", "pk": 12, "fields": {"message_id": "<CAHE0ZvswkiOzv2J+jxKV253rKXgEvkZSCCNuHZDJTe_hSetcMQ@mail.gmail.com>"}}, {"model": "myapp.processedemail", "pk": 13, "fields": {"message_id": "<CAHE0ZvsQbpC39f65PauPvrPdg9qMFu83Dq-4ts0JZ_3_MhZOYA@mail.gmail.com>"}}, {"model": "myapp.processedemail", "pk": 14, "fields": {"message_id": "<CAHE0Zvs67MP3UnU1W_1P5OugoyALmtub0qnCdGBTD5vZjpzrPg@mail.gmail.com>"}}, {"model": "myapp.processedemail", "pk": 15, "fields": {"message_id": "<CAHE0ZvtupTTcWnQdvukqmhgrjM4CWZbPpxud10CdM3M6=D2AtQ@mail.gmail.com>"}}, {"model": "myapp.processedemail", "pk": 16, "fields": {"message_id": "<CAHE0ZvtRMkn5pnmPKWywVyKVW4pHq=MTh42Gi+fbi6EyektSDw@mail.gmail.com>"}}, {"model": "myapp.processedemail", "pk": 17, "fields": {"message_id": "<CAHE0Zvujoh4eQPwtYpnN-04rRPTU0=p=OwF5ogEtCpYamEZ1Pw@mail.gmail.com>"}}, {"model": "myapp.processedemail", "pk": 18, "fields": {"message_id": "<CAHE0ZvtxVOztxPTbQ2omnA6_YHE0mRrhv7-VLy1uRTTQrjdUkA@mail.gmail.com>"}}, {"model": "myapp.processedemail", "pk": 19, "fields": {"message_id": "<CAHE0ZvvcUdr_6x3L+Chy8Lztrf6wMLa-q1WYk+7PBHY3n8vhAQ@mail.gmail.com>"}}, {"model": "myapp.processedemail", "pk": 20, "fields": {"message_id": "<CAHE0Zvv3e8ZeRe_AouRdS3w27nt89gCOHmCq7D635Zn=J4s-Kw@mail.gmail.com>"}}, {"model": "myapp.processedemail", "pk": 21, "fields": {"message_id": "<CAHE0ZvtnWLgvvmnu5U9Mds0YUg8hqYuLdcYnuwXV5AnD18j4dg@mail.gmail.com>"}}, {"model": "myapp.processedemail", "pk": 22, "fields": {"message_id": "<CAHE0Zvvuu_Qx5Xrj+A2L9xySyQ86W4FQ1W7pEyDxWhMMnZzNSQ@mail.gmail.com>"}}, {"model": "myapp.processedemail", "pk": 23, "fields": {"message_id": "<CAHE0ZvvDdtmhdywTvfW0Wzjj2Mjr6sqkVcUZsSiJ4vXZSj5HMw@mail.gmail.com>"}}, {"model": "myapp.processedemail", "pk": 24, "fields": {"message_id": "<CAHE0ZvtnWuqzBPeQUKRE7YQd09-Cadxe+uJb7aTOAQe6hY=Tiw@mail.gmail.com>"}}, {"model": "myapp.processedemail", "pk": 25, "fields": {"message_id": "<CAHE0ZvtqS3vyqepO_h46CeYVsv3x2O34=ct_cEc2ORMeiP+2bQ@mail.gmail.com>"}}, {"model": "myapp.processedemail", "pk": 26, "fields": {"message_id": "<CAHE0Zvsm-1FvP=cRdc3eY6wNgN8zpgNmNqQaWO3=QeSQY_onyQ@mail.gmail.com>"}}, {"model": "myapp.processedemail", "pk": 27, "fields": {"message_id": "<CAHE0Zvt3=17cOdG824EyKN-KrAyN+advGmhVOkaTkb57yvGMxg@mail.gmail.com>"}}, {"model": "myapp.processedemail", "pk": 28, "fields": {"message_id": "<CAHE0ZvtYB1zr4e5QPpAR_hqg283KbZ18G6Q10j8PgbszNx-UOg@mail.gmail.com>"}}, {"model": "myapp.processedemail", "pk": 29, "fields": {"message_id": "<CAHE0ZvttCS2cKtqa2An4-S244o1Y9-1fXBYEThJvfDvQ9WB4Ww@mail.gmail.com>"}}, {"model": "myapp.processedemail", "pk": 30, "fields": {"message_id": "<CAHE0ZvuX7VpujVkK_RFvSUF8q+P1AkSvH4bgQ33y-3OBwyAa2w@mail.gmail.com>"}}, {"model": "myapp.processedemail", "pk": 31, "fields": {"message_id": "<CAHE0ZvtW4hz6pEiNXs46qCHLmShnyPqG6W179sXo5QzJhMG3kA@mail.gmail.com>"}}, {"model": "myapp.processedemail", "pk": 32, "fields": {"message_id": "<CAHE0Zvs3e8uMAhGU8K=qZeX4E44WP=52v7a_HhRiXqbb2vv2kQ@mail.gmail.com>"}}, {"model": "myapp.processedemail", "pk": 33, "fields": {"message_id": "<CAHE0Zvtm6mVAPSW5U6qr+FxhLVp1aNpwjOWN03A3eGJvaaOHqQ@mail.gmail.com>"}}, {"model": "myapp.processedemail", "pk": 34, "fields": {"message_id": "<CAHE0ZvsS4kwUptvq7BPCNVddS4QDfUcGQUmX8xEi2S+ZX-7EnQ@mail.gmail.com>"}}, {"model": "myapp.processedemail", "pk": 35, "fields": {"message_id": "<CAHE0ZvuzmarcDSzbChc2RTzHcOAOUOacZhoJiFA_54KaQTQQBA@mail.gmail.com>"}}, {"model": "myapp.processedemail", "pk": 36, "fields": {"message_id": "<CAHE0ZvvfujEJP9NMgdBy+LOCZTQncyv3+46vCOj9eKV9v6njiA@mail.gmail.com>"}}, {"model": "myapp.processedemail", "pk": 37, "fields": {"message_id": "<CAHE0ZvvUfWqEGbf7GpXnFYJo2P0uZ6OHUWRdnkt8PPn__cs4mA@mail.gmail.com>"}}, {"model": "myapp.processedemail", "pk": 38, "fields": {"message_id": "<CAHE0ZvukkFrRjWNOtxF0wfVRy=whZ=HnoDzLDA+kwaCQ-SiErg@mail.gmail.com>"}}, {"model": "myapp.processedemail", "pk": 39, "fields": {"message_id": "<CAHE0Zvsga64-r4CZCO2bWDM_rPBhB6vTR6j-AnkW+1=gQpT1cQ@mail.gmail.com>"}}, {"model": "myapp.processedemail", "pk": 40, "fields": {"message_id": "<CAHE0Zvu6MDGa4Ftp2C1TzaxC=8HGADVwpO_S_o2f_b0VySRmgg@mail.gmail.com>"}}, {"model": "myapp.processedemail", "pk": 41, "fields": {"message_id": "<CAHE0Zvuk2g2W9kWbLgYzCpWX_Z1gGNdm_LzT_B87UgHVOpHVAA@mail.gmail.com>"}}, {"model": "myapp.processedemail", "pk": 42, "fields": {"message_id": "<CAHE0ZvsaU7PVV-_Ptu+=2v0ANbmQpM_f0KVRUX+79fKNtTOjig@mail.gmail.com>"}}, {"model": "myapp.processedemail", "pk": 43, "fields": {"message_id": "<CAHE0ZvtZiqDW3DLBLGYTaGi6qnaUycaK8GxW0bVyifYymT-99Q@mail.gmail.com>"}}, {"model": "myapp.processedemail", "pk": 44, "fields": {"message_id": "<CAHE0Zvv1HrBCGdwZBne3SwK8VhjT6Q+AGZWBE7pyExfg2tT7UQ@mail.gmail.com>"}}, {"model": "myapp.processedemail", "pk": 45, "fields": {"message_id": "<CAHE0Zvt+bOmTQx9_2d4QbC3BpqDcDVOycPCBJxgvWyRvc3j0GQ@mail.gmail.com>"}}, {"model": "myapp.warning", "pk": 3, "fields": {"warning_type": 1, "load": 1, "reported_by": 2, "created_at": "2025-01-03T22:25:36.132Z", "updated_at": "2025-01-03T22:25:36.132Z"}}, {"model": "myapp.warning", "pk": 5, "fields": {"warning_type": 13, "load": 1, "reported_by": 2, "created_at": "2025-01-04T23:19:57.925Z", "updated_at": "2025-01-04T23:19:57.925Z"}}, {"model": "myapp.warninglist", "pk": 1, "fields": {"description": "Loaded overweight", "issue_level": 3, "is_active": true, "created_at": "2024-12-12T21:38:27.396Z", "updated_at": "2025-02-04T20:34:12.749Z"}}, {"model": "myapp.warninglist", "pk": 2, "fields": {"description": "Weather", "issue_level": 2, "is_active": true, "created_at": "2024-12-12T21:38:27.397Z", "updated_at": "2025-02-04T20:34:12.750Z"}}, {"model": "myapp.warninglist", "pk": 3, "fields": {"description": "Hours of Service", "issue_level": 2, "is_active": true, "created_at": "2024-12-12T21:38:27.398Z", "updated_at": "2025-02-04T20:34:12.751Z"}}, {"model": "myapp.warninglist", "pk": 4, "fields": {"description": "Scheduling Error", "issue_level": 1, "is_active": true, "created_at": "2024-12-12T21:38:27.398Z", "updated_at": "2025-02-04T20:34:12.751Z"}}, {"model": "myapp.warninglist", "pk": 5, "fields": {"description": "Yard Congestion", "issue_level": 1, "is_active": true, "created_at": "2024-12-12T21:38:27.399Z", "updated_at": "2025-02-04T20:34:12.752Z"}}, {"model": "myapp.warninglist", "pk": 6, "fields": {"description": "Driver legal break", "issue_level": 2, "is_active": true, "created_at": "2024-12-12T21:38:27.399Z", "updated_at": "2025-02-04T20:34:12.753Z"}}, {"model": "myapp.warninglist", "pk": 7, "fields": {"description": "Rail delay", "issue_level": 1, "is_active": true, "created_at": "2024-12-12T21:38:27.400Z", "updated_at": "2025-02-04T20:34:12.754Z"}}, {"model": "myapp.warninglist", "pk": 8, "fields": {"description": "USPS delay", "issue_level": 1, "is_active": true, "created_at": "2024-12-12T21:38:27.400Z", "updated_at": "2025-02-04T20:34:12.755Z"}}, {"model": "myapp.warninglist", "pk": 9, "fields": {"description": "Relay app malfunction", "issue_level": 3, "is_active": true, "created_at": "2024-12-12T21:38:27.401Z", "updated_at": "2025-01-16T05:40:05.167Z"}}, {"model": "myapp.warninglist", "pk": 10, "fields": {"description": "Relay navigation unsafe route", "issue_level": 3, "is_active": true, "created_at": "2024-12-12T21:38:27.402Z", "updated_at": "2025-01-16T05:40:05.168Z"}}, {"model": "myapp.warninglist", "pk": 11, "fields": {"description": "Pallet quality issue", "issue_level": 1, "is_active": true, "created_at": "2024-12-12T21:38:27.402Z", "updated_at": "2025-02-04T20:34:12.757Z"}}, {"model": "myapp.warninglist", "pk": 12, "fields": {"description": "Site badging access issue", "issue_level": 1, "is_active": true, "created_at": "2024-12-12T21:38:27.403Z", "updated_at": "2025-02-04T20:34:12.759Z"}}, {"model": "myapp.warninglist", "pk": 13, "fields": {"description": "Cell service issue", "issue_level": 2, "is_active": true, "created_at": "2024-12-12T21:38:27.403Z", "updated_at": "2025-02-04T20:34:12.760Z"}}, {"model": "myapp.warninglist", "pk": 14, "fields": {"description": "Driver turned away", "issue_level": 3, "is_active": true, "created_at": "2024-12-12T21:38:27.404Z", "updated_at": "2025-02-04T20:34:12.761Z"}}, {"model": "myapp.warninglist", "pk": 15, "fields": {"description": "Refueling", "issue_level": 1, "is_active": true, "created_at": "2024-12-12T21:38:27.404Z", "updated_at": "2025-02-04T20:34:12.762Z"}}, {"model": "myapp.warninglist", "pk": 16, "fields": {"description": "Live lift ramp", "issue_level": 2, "is_active": true, "created_at": "2024-12-12T21:38:27.405Z", "updated_at": "2025-02-04T20:34:12.762Z"}}, {"model": "myapp.warninglist", "pk": 17, "fields": {"description": "Honest app malfunction", "issue_level": 3, "is_active": true, "created_at": "2025-02-04T19:51:16.130Z", "updated_at": "2025-02-04T20:34:12.756Z"}}, {"model": "myapp.warninglist", "pk": 18, "fields": {"description": "Honest navigation unsafe route", "issue_level": 3, "is_active": true, "created_at": "2025-02-04T19:51:16.131Z", "updated_at": "2025-02-04T20:34:12.757Z"}}, {"model": "myapp.loadprogress", "pk": 1, "fields": {"idmmload": 1, "coordinates": "4.598264,-74.163241", "step": "Origin: XCA2", "pending_for_approval": true, "created_date": "2025-01-05T02:55:32.654Z", "picture": "progress_pictures/progress.jpg"}}, {"model": "myapp.loadprogress", "pk": 2, "fields": {"idmmload": 1, "coordinates": "4.598279,-74.1632354", "step": "Stop 1: 101 Apple Ln, Austin, TX", "pending_for_approval": true, "created_date": "2025-01-05T18:17:08.409Z", "picture": "progress_pictures/progress_lpwPMnH.jpg"}}, {"model": "myapp.loadprogress", "pk": 3, "fields": {"idmmload": 1, "coordinates": "4.5982717,-74.1632289", "step": "Origin: XCA2", "pending_for_approval": true, "created_date": "2025-01-07T04:22:31.006Z", "picture": "progress_pictures/progress_8PwJUxU.jpg"}}, {"model": "myapp.loadprogress", "pk": 4, "fields": {"idmmload": 1, "coordinates": "4.5982741,-74.1632473", "step": "Origin: XCA2", "pending_for_approval": true, "created_date": "2025-01-07T04:32:29.238Z", "picture": "progress_pictures/progress_OpprV1a.jpg"}}, {"model": "myapp.loadprogress", "pk": 5, "fields": {"idmmload": 2, "coordinates": "4.5982754,-74.1632176", "step": "Origin: OAK4", "pending_for_approval": true, "created_date": "2025-01-08T03:57:55.186Z", "picture": "progress_pictures/progress_vNGWO0G.jpg"}}, {"model": "myapp.loadprogress", "pk": 6, "fields": {"idmmload": 1, "coordinates": "4.5982746,-74.1632524", "step": "Stop 3: 250 Banana Blvd, New Orleans, LA", "pending_for_approval": true, "created_date": "2025-01-08T22:19:08.846Z", "picture": "progress_pictures/progress_gnY41Ed.jpg"}}, {"model": "myapp.truck", "pk": 1, "fields": {"user": 2, "plate_number": "ABC123", "model": "Volvo VNL", "equipment_type": 3}}, {"model": "myapp.truck", "pk": 2, "fields": {"user": 2, "plate_number": "XYZ456", "model": "Kenworth T680", "equipment_type": 1}}, {"model": "myapp.truck", "pk": 3, "fields": {"user": 2, "plate_number": "XYZ124", "model": "Freightliner Cascadia", "equipment_type": 1}}, {"model": "django_celery_beat.intervalschedule", "pk": 1, "fields": {"every": 60, "period": "seconds"}}, {"model": "django_celery_beat.periodictasks", "pk": 1, "fields": {"last_update": "2025-01-16T02:47:37.016Z"}}, {"model": "django_celery_beat.periodictask", "pk": 1, "fields": {"name": "Prueba de tarea peridica", "task": "myapp.tasks.extract_emails_task", "interval": 1, "crontab": null, "solar": null, "clocked": null, "args": "[]", "kwargs": "{}", "queue": null, "exchange": null, "routing_key": null, "headers": "{}", "priority": null, "expires": null, "expire_seconds": null, "one_off": false, "start_time": null, "enabled": true, "last_run_at": null, "total_run_count": 0, "date_changed": "2025-01-16T02:47:37.014Z", "description": ""}}]